mineral_id,country_id
9fd1fdcd-5ee4-4ea4-ad71-438883ea4024,236
289ea452-4551-462d-828b-28c4f118a473,104
2a188fcb-0140-47f1-8f44-455ce7998ecc,196
3ec5cab6-c73f-4181-af9f-14ba97acb69b,83
5341bf44-5064-45c3-a179-0996cdb78f78,113
af53e423-5577-49e6-bab2-595374d6afc6,113
c9c5c626-52aa-4bdd-8b44-6c90abb9eee4,11
5827a01e-72f3-4f35-84cc-759e347e2267,184
3bcc2cbe-fe74-4491-ba51-cb55c7d8a6fb,14
36e2c612-fd77-465a-ac9d-002b4ab4b080,15
2b1ef5cb-a530-4ab0-95f2-ff69a7b641d7,216
391f8f35-7188-4b40-87be-a49afa85701c,1
ff772409-11a5-4867-b3bb-462e9da3d439,154
0e47e6d2-e2fb-4ccc-8839-04e4e7c273e5,236
f8d81d81-55f8-41aa-b452-ac7fc09c1004,111
5674d4d9-5196-4240-bf08-fc2e2682a473,144
8244c458-763b-4dab-9b04-51da7f2dfbaf,236
d56a49f2-c0a1-41c1-85af-37a4fc2bc537,113
082a95a4-e644-4046-89db-496b4720e77a,159
78d559bb-f172-4dec-9ec6-9a5a2c73b97b,116
7b92d420-a404-44bf-89ca-0ef672bf4301,184
d9777a5f-6793-400f-99f8-acec2ea5573a,122
44de84af-cb38-4b94-af2e-af4a70a1e432,116
944f4e82-5d15-4a1e-8b82-60ed41f6fa6d,184
7e349dde-81a8-4283-8585-f4bcd9074945,228
30766828-b430-4956-842d-da30da142df3,66
66e6b46e-d139-4b98-980b-b6ca5e327903,45
a343ebed-5269-4e9f-a740-20ed87a9dc98,144
0eb76f91-604a-43da-921e-cd959edd9e9d,236
5f794548-09b2-40d2-9f99-2af36b833085,236
a85463f1-167d-43cb-90c5-d5a8d28f868d,41
dbfb8a49-4c39-4063-8e08-66142cea28a5,210
aa0a2308-934e-4617-83e4-228681dda7bb,45
6f04af76-dfe5-4a2d-8541-2d588ba8e780,184
eac961ad-935b-4e51-872c-b56a1a9fe070,184
e9c29265-6e72-449a-a3b5-2e6efa0530ff,184
e9c29265-6e72-449a-a3b5-2e6efa0530ff,236
71247f94-026c-41fd-8126-5ff55042e7c9,45
449a7f9e-447a-414a-bc98-3fd29415952e,236
926e3503-4b26-4cfe-9b6d-5a286fc7c803,77
7d2205da-d78f-4af5-9251-7b50aacef587,144
2bd33fdb-02cb-4ed4-a642-a8e66c4ce052,77
180aece3-fbae-4aba-8c23-6afce2b4c33b,184
e6356b47-6689-46df-b354-1fc2aa978def,228
dfcf5d00-b185-4458-9386-88a93e1597f7,183
d4587909-486b-4ecb-99ac-823bcace1f87,111
40766f13-e21f-4aba-8b64-ed6f6062a011,111
d0928f94-522f-417a-bc5a-cb387114dd3d,235
b6830992-e08d-4089-a858-751dd8d8d89f,116
9f1e68be-6e0f-4f85-b63d-125b656f6252,84
8ef87a63-d303-4841-b1da-71259ec95bbc,111
f466817c-143e-4484-973c-6ecee91a88a8,233
86cbb076-af02-4ca0-8df7-64a843c50320,167
6525ac18-cd32-47ff-a0e5-420860f8211d,14
96d7bfa0-2423-4aae-b314-9c01027de971,45
477e5b55-948d-4ed0-8926-17f0b46e7f1c,236
d8872e37-c393-4070-9f8d-6a53e85791eb,32
7e10fec2-4369-4f0b-93a0-185f8c460e72,236
645bf5cc-a090-4273-9e46-8ad54ab4ebc1,236
2c28dfe6-c782-475a-be1a-ceff267e2053,157
deafe5de-5bfc-4be0-a2f5-eda212d7c6c7,207
44fea4c4-cb72-414e-9510-535389ba0939,133
a4ebe89e-ff85-4d9a-8b16-11273beb2250,15
2b774838-0ada-4f14-93c5-984a1a410fad,184
4cb7ec5c-d674-4a23-8bfa-0aee3a2c9571,45
933e63bb-4afe-461c-9a23-4e8bd3b47aaa,210
80c5f041-4528-4185-a0d3-4344606395e0,175
b0c9ac35-ad66-4aa7-ba77-5d73535ed57c,49
7a20076f-580c-4991-9b0b-e506b82e0303,46
0b3357eb-9a35-49eb-829f-e38e411f14b6,151
22f4e401-bdd9-4f8a-81ed-e9027678de1b,14
d319341b-d130-4e58-8aed-052db990c059,11
9ed72f6f-25fb-4d0a-bec5-bd44b5e0cf37,235
8d64ac58-a184-4f1f-9f86-3ad1c871a08c,113
c0de0741-b5a3-46ac-a64e-f9a0b805ddf9,46
44dbbc43-7a60-48e1-9b65-2517b3d8de99,84
056fc202-d4f8-47c7-b8aa-a4b253886b99,236
2a1a1e9a-ac5d-4356-bb09-34d543460e61,216
2ae77f6b-f336-4685-aacd-8430aa44b67a,111
898ef029-b575-45b9-b499-51ec421511b8,236
bc7a55d2-93f0-47d9-a2c4-46e4212bd434,45
cb80dfea-1311-451a-ace4-e31a51749548,45
c704df25-68f8-4e65-a4a9-ec89d29d0da5,184
ef486725-d36e-475d-90ba-d0c1575b4102,236
ab6234cb-7a13-4dc2-badf-6f9686447622,111
f6184c50-070d-4298-8f3e-e73ac6afc7c7,110
8ed7ff44-02b9-49da-b030-48742c2b995e,210
1234a60d-b827-4baf-af16-b89cc8c07d2f,184
6871380b-2cda-436a-a8a2-a329d2908894,236
c1d44f6e-8331-4ee5-8aaf-970bf2487c39,110
50ef84eb-e766-4348-a96c-e0ae7ff9512c,35
1605c541-1f6b-4d79-854d-730a37535915,22
011deb82-0c0c-4ba1-9ba7-f58eaeaa7e3e,175
8e22f45e-94ca-4b28-a2a0-deb30a770a65,77
63cae44c-f91c-4504-808e-704010ec7877,151
7016ae7a-0f44-446d-afd1-b3f87217b851,77
287cf7f3-c15c-4d8d-b641-c055c4fbde3e,236
6f597bea-3e50-4f47-9264-18ad8326b80a,236
d00c26ea-2104-48e7-a705-ae7929da5b5f,236
49705551-dd5d-4043-9d68-84595aac02b7,236
8e8a5f60-cba1-4265-af53-2898490e4353,61
d7510d41-2cc5-4d28-ba57-75ce344c0b2f,167
f2a424ed-3889-4831-b9b5-aa53dd8f26d9,154
1297eac1-6331-466e-a214-8b1bde4345cf,45
22a1783e-1554-4e4d-9205-704637666080,45
550bfd36-f823-427d-acc8-4c5fc63b4d26,111
0915b649-d354-4745-a985-55bee7acf335,184
3dc6d6e9-cca5-4209-b60f-c26d3f209b3b,15
fa2992ee-1190-4135-ab2e-302e9906659b,84
3971d783-cdc3-40b2-b2a2-d2c75202989e,46
f30253c6-bc0c-4b50-b5f3-c4325e339960,14
6c183341-0423-49d1-ac61-245b845da1ce,235
c6fdc032-7dca-4f52-a168-de8dddb17e03,154
8b5867c5-bed2-46a4-9068-211e45918f14,215
be09ea9f-65d3-4ee0-8e91-52eb21f9fefa,83
01a4cc01-b4ca-441a-a175-42f4809d68d8,167
12cb05b0-2a76-4d28-b3e9-25e0e3ef5b4c,45
ca430baf-a325-4c02-b34a-93aa469763ce,41
536cf251-81e5-42c5-b27e-9c8f2aab420f,207
dc347752-3931-4047-8195-e4b22bca62ac,236
e35bfb2a-0cd6-4a34-84b9-9780c49e2588,87
830b57d9-a29a-4e0a-9ce7-5be0dcc85566,236
07c949ac-979e-44e3-a4a6-5b5fce65dfa5,14
6d45f53d-290e-4d21-b2e0-40b4e3aeabde,77
c8211ff6-e602-4582-a80c-aa54504ed75a,153
c63f28dc-dad7-4013-8a9c-97f80b3cd2e3,198
2f58a578-583d-4c95-aaf5-9abae4a16f2e,159
61620ec6-9d95-4b3e-862a-a35fcee1356e,184
ab11e1ab-c0a4-40ee-80a5-d07e17f5e87f,183
ad82d4bf-88c8-4b11-bae7-5ec1797ec5de,107
86abb010-a82c-4af9-8aa5-94986e834d35,32
d031e7ac-77df-4c8e-8c05-fd13f23d5d2e,184
31f7eb76-e2fc-4ed9-a167-1cf3594f6b08,184
12e2ddcc-ff68-4420-a1d4-96c37ec9413c,111
88e2e75b-3b57-4125-9157-8a67799776b5,1
049fafed-6244-4ce9-a38e-0463430fa8e6,35
32fa85ae-f527-4c27-9cc3-c04bb0d71d75,235
8a1426a0-270a-414e-832a-8894ca254b7d,144
556b23f1-3d56-4628-b609-d0c626948cbc,14
cbafec96-d028-42a9-8682-ed2996a231eb,46
6a014338-c2ec-4eba-8157-b6239f56b2d6,104
8f398441-51f0-4f45-a952-39ddbe7269d8,207
b400f952-a039-4534-b3a6-8b7b1f6b0ecd,106
666ab684-f1d6-487d-8a3e-f48b34e3396d,167
446b569f-1ca2-4ffe-8374-9fd578c5eebf,210
885b7722-c915-4e97-9ef6-edbb3a242ecc,14
ed0287f0-4162-4c87-bbbd-5ea4416060e5,235
2a1c8334-94a8-45b0-8040-92e5cc070ab7,84
5cbce8b6-097f-4ec3-be46-91d740d0a8f3,22
3dde7e23-e492-4a75-9456-757b4aa0917f,184
ffd1280c-3595-412f-ae81-57e850c3f52d,14
d7ada001-e91a-4e73-9724-94ff8ef15384,77
416d4362-59fe-4cae-a2e1-7fa83f093001,111
85db0224-b1d7-4f0a-80e8-3bfe684ecf38,148
0bc6d30e-6a94-4b5c-a395-87eaca23bf1f,57
b878bfaa-02b4-4457-a3dc-c1e1b2bc6185,236
7f5a406d-eba5-4a03-8533-b424e3bb034c,236
001ba181-0c95-43dd-9a9b-1d0701dc5674,236
a1e349a1-6e3d-42d2-8f42-da46e1e937d0,236
4b7bf886-10f3-45e5-9c80-bed6acdf6207,84
1e503c5c-d90f-4236-9e5a-accbbea11a79,236
da845f41-547c-43ac-80d1-fa1a939b1267,84
f79d878a-5cff-4432-9c75-5fc9725f429e,179
8e984d63-a368-4345-9946-fa89f5affdab,236
195fde5b-b1d1-48d0-ba90-4f5c96a40266,236
373d2e57-8bb7-4743-968e-5a0b6019f7a0,60
e8ba5a88-33d8-47ce-9a88-1aecdbe12028,184
ae58f17d-de88-47ce-8726-168f6f727614,84
e922acab-ab34-45b8-b250-86aec2bbfb3d,215
aee3bb4b-f661-40c7-b00e-068ef3c24be8,184
0f48f382-e89e-41e3-8116-9facb7c948ce,116
0c8f3134-aa24-47de-8e5a-03b4e3373989,111
4b4466f3-60cb-4c54-b4af-b7bf7136f2dc,113
724b1dc7-0165-4c0c-a98c-21a9bef2fc8b,104
e5af17e9-17af-451f-a490-ac35da0bc2f6,84
8e4c0dbe-19e0-4267-845a-269c0462d957,236
6fc26f33-61f6-4eb7-a8f0-88afb6adaa9c,236
6e63e211-322c-4b71-a2b0-c382c2655582,249
22ca7235-699f-444d-bc20-f52fc7c0e83c,176
2aa676a8-cfd7-46e2-97f9-d29356659714,60
3a253c7e-29a0-4c56-a484-ede8146e132f,105
d30a7b2b-dd72-4d71-a2e0-792478377452,216
7895dbe0-cd6b-4263-8b49-e6c2860da6a7,216
b206e188-fb26-415a-a3c7-12a5eb19bac0,184
8487b978-bfb9-4119-a318-b818d8762c11,235
588f560c-45e9-47f5-b213-4f1dbfc65c3b,236
40f643a9-9eb5-4440-bcfc-a95d65da7214,184
452cfa10-ad5c-4f2d-865d-c636689359a8,133
b5c0bcd4-9fc1-4f07-9bf9-16f7ff48d4be,236
66c19636-aab4-4b4f-b060-777e29609544,235
3c69e491-4e4b-4b9f-9ccc-38cb9b509be6,236
b7a447cb-1c32-4e1b-930e-9ed1ac7d20a2,236
fd92d4ca-de1e-44ab-9ad8-d5be5f458ee0,236
2880d89b-7c89-4ede-b1db-e2b87acb4835,236
3edf6c07-4d87-4e9e-a170-b343cea158ef,235
cdd8c503-510d-4cbd-89f8-44a733a0cce0,60
8fc54890-c1d4-4270-a25b-862ddcb70282,60
4d16699e-74f7-42f8-9d85-8728e12cd955,60
164de23d-9fd6-4778-8576-6f9f643aaf91,144
2c034986-be6f-486b-bb23-9a12d8cfdb1c,111
a605dd72-c65f-40e8-8f9c-e1c99d7ed23f,207
07a0e207-97fe-4c8e-8305-51e0a7e5ce32,113
c476ec34-226f-4137-973d-ecbf2bd8346b,235
019a0edf-48bd-4588-b23a-3aec8585c564,30
a3314856-18f8-469b-9f2a-3cfc0480c74f,111
bf1e9683-7dbc-4ef4-8e69-eef81e1ad0e8,151
3166e159-29d9-45d7-9abf-d503d486bcf9,151
d0e490a6-18c7-47df-bd49-4689a3efb0d7,154
9bb8dbd1-f790-409b-81be-87dc85efdb4c,84
39681a44-815a-4427-9cd7-3ba99e1aeefc,32
d3d65992-665e-48e6-8ed2-6fd87c3dbe23,32
ac8a6f11-8006-4932-9151-f38fc80bf7cb,32
e13c8e7a-41ec-4c3c-8872-a67da460fa8c,32
5f0991e4-f0e0-4e71-8913-b8e6a0a68d22,32
d16163ff-9948-4071-bafe-ba0421861bd2,32
da165255-d7fd-49a7-947c-9c160ace5131,84
def4b476-1dd2-4e46-8b65-40c49124a695,235
1265b3a5-b6a0-4141-9554-e037c8712562,14
ba3ce56d-ded4-44de-a06c-845f106b26b0,111
6dd4e2eb-0da6-49a0-bdf4-793b8759c2e7,183
6e0c1399-e980-4186-b949-23c18fffd545,32
d39a830b-5b82-4669-8e8d-c92913595ec6,236
9d167493-9bcd-4214-9963-c27cb15193be,84
fc03b5de-4dbb-49f9-914f-c4414bb7dd07,49
96f0e808-8039-437f-9522-2f3a47c9d4c6,236
4c0e7ef8-4a31-43d2-b01d-57817bc25134,60
10342afc-8430-4150-bbcc-c6ca1e30f0c0,84
bc90cbc2-1193-4a0f-913f-ad54896955d5,207
ef23d575-b9df-432c-8457-2450f58ad1f1,185
e7b51010-49ca-400f-b3a6-2f28efc4c462,153
87f4ef4a-806d-47a2-af06-ba1fdf38fd8d,184
c8ba0353-d338-48f4-841a-e63331205b71,236
dfaf0788-2f94-4901-abeb-c83d3a7a0c7c,228
a2d3b52c-dfd1-4b29-ad7c-a13f5d85515c,184
a5310165-6093-497d-92f7-0fb8c975ab38,167
94785758-fd95-4f7a-8097-2357b96f3631,184
a5ca9e65-a7ab-462c-bdfc-963e33e5f9a4,60
ab32bdbe-97d3-4bbf-8fa9-ab83390116a8,41
92a7eabc-9d05-49a3-8f82-aee6762a159b,45
1b74988d-f6b7-4543-b46e-38dedfcc360e,236
cc778851-c246-4d84-b6da-aeb4fe81bb1a,235
6531c861-d22c-43f7-a609-abe299c77e0b,236
e4b25599-7623-4291-994b-7974dfabc69f,236
cc18ea82-72a1-430a-a290-cf8c3de6bce9,236
e0e78b74-7b35-423d-bf2a-f0fee730283a,45
0908325e-18de-48ea-96c1-e6e8e3086bf6,111
df59a60f-21b7-4e1e-9beb-5b858f664744,236
09091013-376e-4b92-ba0d-102848bc424f,41
41bf738e-64b5-4585-ac62-42ade422629a,111
88ca648c-7439-4875-8bc0-50bf78626329,111
cbde4319-d955-4f18-b486-09af52334920,207
624b19e1-37e4-4848-b07f-2d38ab642fed,236
1a4df82c-3112-47fd-acf4-2fffab04b463,207
1d331955-9cfb-471e-9f92-f50f28900f97,207
fc1a5c8b-b871-48d4-ab81-c3266b5b3a31,77
c8631033-2102-4ab9-a4af-1f88d2692dad,11
08e0e158-fd43-4f3d-ab56-7edaf1c0d0c4,111
b51f0cc2-2fe7-4d33-85bc-c4a77d69ced8,45
e9efb61a-f565-4778-b924-108f305065aa,77
bd847a5a-1068-4eb1-9fa3-1cacae244dcf,111
c3d9855b-26f5-48f8-9ce1-58f07c4f990e,15
8f0fe297-1ad9-49ed-99c2-6d0886b33b50,236
348d72d0-dacf-4c87-8500-5d880d8a5eea,236
c38523fd-130a-4387-9be5-904b98b86876,110
405f5e8b-e066-47a8-af87-cf76467dcbc7,233
385f7c84-7e1d-45a6-aeb5-a8303153ecb9,111
f33243ed-dd91-4cfc-971a-4dfcb714fa0e,14
10c1f575-bf45-40b6-afc0-7db47506d140,236
7351169f-a43d-4fe5-9560-270fb9541cc7,111
61bf200a-7dba-4b04-900e-c058a281510c,11
24082883-79dd-4bf2-a97e-be53a3e362de,236
5cbbef61-ed93-4d56-aa94-47b20cb1dd38,236
3678b674-95ca-4d6f-9b2e-62f23e8d2e75,111
f2c3d5d2-f3b4-4acd-8c76-1aefc3dee6fa,27
62a5818e-375b-43bc-9d77-57534c4cbeca,111
62a5818e-375b-43bc-9d77-57534c4cbeca,216
fa6c3435-df5a-40cc-89e7-a2c779c7cdd9,210
5d002b64-ff8b-4475-9b27-92d202d32efa,111
9df405ae-bdf7-4925-b9c2-76f3a42e233e,111
22ab6894-9775-4d6f-86c5-210e7348b1a5,211
8a6b0c96-350b-4a2d-b3e8-39b26f93dd26,211
fb3ae446-25bb-4fe9-a36b-e24e9d847c02,211
0e4085eb-716b-420d-ba8d-88cee5f8a928,211
1a083f4d-b495-4c4b-8553-e077b3c43e5a,77
7951ee14-c7a7-4246-acb7-38518f429004,27
53518570-633b-47e1-9f83-46d205b5fc6a,46
487fee94-9de0-405b-807a-7bbca82883d1,228
49cff6e0-f861-4690-ac63-4527718c7386,45
9c1b2520-610c-4a9b-a6a7-ef2512b13744,236
48df36c9-1408-4f28-a9b3-df7bedfd1150,77
3245f1ec-ab38-4269-9a74-0c094a21ed8e,216
7037b96b-3d3b-46a9-b407-86f9f24d1a14,45
8975eb5a-a676-47ca-80df-aaeb97193684,46
8df8f098-1464-4a6a-8bc5-18dae09def92,46
fa2ff824-fc80-4aa9-88b4-a5b4352c908e,184
2ace8d60-79f3-4822-94c7-f15d6ddecc23,233
5d050653-50d9-4af1-b016-e370f779f597,236
24973a57-1eee-413d-bdec-cad2015aa70b,184
1e865cb1-5c88-4766-b211-3203b211501c,184
e7c4cf36-aa7e-4f8b-80a7-9085c4bd5324,116
c6bd27ee-4dda-40d2-ba7e-c4c6e6e42e7b,184
c5088fda-dd0e-499b-adf7-6d586b1e456d,236
4c4dc9e8-f457-4648-b56d-14d71c61063f,46
38887815-3962-4051-b92b-697d8730a3d3,104
0286304c-84c9-4a00-a254-e1a9f41cd164,236
8d84cf5c-7333-4aa8-afdf-ca65bdd5401e,236
3537da4e-b183-4be5-97f1-f8ae58539e52,111
8d27cae1-d743-4c7a-b577-1873ccb726e9,113
936a44d0-2255-4cac-941f-8e6a61dce2bb,45
b13004d2-4370-4bc8-875f-5269be73fa31,14
a640a45d-d156-4d57-ab1f-ebcbf964a00e,46
5aba1d9d-cc34-4851-bb0c-6b2fd908f335,46
a98e7546-166d-409b-9201-be8a48006621,175
8cce188f-11dc-46cf-a381-ab90be506679,184
05bc2f98-cab5-49ad-bb4d-341288639817,184
7ece8be2-1d7c-46c8-9b3f-5c4d45846e39,84
1de4bfcd-4948-4482-823a-36d7d6d42b80,11
8ec89a50-a25e-4ee9-8228-5681feaef114,60
b7876c10-dd1a-4a8d-89a9-9194fc53bf3e,84
77bd4fad-dd7f-4fa6-8b92-ed926a7d9b46,84
4a1ff617-514c-4269-a988-a9a2bbc17eea,236
c6fa69e1-c65b-4a01-860b-05ebbf470d5d,236
8b47a13f-54ea-474d-b5bf-8a7ce402a3e8,216
ad7f923f-0e7c-451d-8fed-509820ef8630,14
9496ac4f-76dc-412f-bbc5-44ce633598c6,235
9f060554-8f83-421f-aa62-1aaffca6c508,236
4e18310d-2c05-46af-b8b5-75c0d2fbac19,144
300deaff-355d-486d-a147-b6ed0830429a,236
a241d97c-c370-4cf8-8679-831b8fdaad78,41
47631b3c-97c3-489a-b603-f01b7fd6ae14,41
be7b6df0-c81a-46df-8a26-e32517d4abe7,144
9f4f4f99-fd56-463d-9f94-6b0732b945ed,236
f18b9bd0-8fc4-4759-9e53-2f80d6d50e1e,27
174293c0-fff2-46b7-9e73-4f05a27ac292,236
d37258a2-368d-4c3d-8552-eb21d941bcaa,236
71d23062-1385-41b8-970b-6888202d0bd1,45
11bf76a9-b1d1-433e-9379-662d9c388f10,77
7d85e0b0-b8fd-404a-9b88-029f228a9402,52
a9e3d33b-e82c-498e-b2be-8abc5275b33d,45
a6facdfb-68aa-4729-a79f-219b3f4c1f75,45
dafba7a9-2187-4007-8916-de0d15ab15df,236
a2fbd226-da11-411f-afe8-56e0d0708c44,108
87918cb6-2be3-4655-909e-bbf66e30b1f8,235
0f36bdcc-2da0-4511-8c75-1f14c4703268,235
23860e87-2472-464e-a86d-94d8fcaded24,144
7b72d1cf-fcc7-4b02-b5c1-57f91c94b141,236
a4545375-4881-454a-9933-836c57f1194f,236
a51c498d-60b2-46fb-a6f9-05e252a1c173,236
af457c26-ebc8-4e7f-9048-5ae724bd82e8,144
a6db340e-8b75-4682-b1c3-42d6527fb1d0,183
1a45c6b9-fe8e-4bab-a86b-be9bf98c80ec,57
bae0fc6f-3f2d-4366-b54c-77706a44ff34,236
c5946ada-d36b-48f2-96b8-5beb7a925673,235
d72a3031-4088-463a-8349-90c445fb04c4,60
716e8275-0bc3-4ae2-b538-89af4d4bccf2,41
83e1d39e-86b9-41f2-9690-503e64117325,184
cdb4cf7c-5696-494b-ba19-7a6d2036eb4c,154
a78279b0-669e-418b-9cb7-195b20eda1d2,46
b8d2de92-bfe9-4578-9522-7e1677cba266,46
86c8d6a8-4bcb-4ed9-9930-78376f2ee7d0,236
b858bded-4a94-4ac7-a486-98fc1a8d6c57,215
94dca081-2563-429d-8775-90ba4124ee4c,46
0e520088-700d-41cb-b54a-91f24be83b96,46
05c2d9fa-98dd-4445-99b0-a00c6cb958bd,219
6113e282-56c6-44e7-b0b0-7c66f2cdd42b,171
c3d9727f-4ac5-4e59-b024-412389a37e1d,14
7fbbe044-eaf0-4564-b31b-54f1fdcfd427,184
ef26207d-6771-44ff-b68e-e0a68e58a3b1,46
ceff7a94-7f6b-4f16-b558-5252abde4bd6,76
8afee36e-8390-43f0-a7f6-bda65a8fbc66,84
78b7a7e6-c79b-45d4-a28c-8f121d2201c3,233
2fd94542-7350-43e2-9dd4-b891da5f43ed,236
adab8357-d80b-4d6b-87c4-5b3746679066,111
5112faa1-8b69-41e5-8005-0c75f4e4401e,104
4d6534c8-f52d-4b4e-9778-37adfe393d71,113
87ef958e-910e-47f1-a70d-1121aabeafda,203
44a45dc6-cf7b-4ebf-a3b3-f42c14915f18,46
39504d4e-6b23-45c4-8138-a2aac0506218,236
ea182db0-f1f6-40f2-9fca-3501a351c293,14
816b9891-8e94-422b-8dbf-af08c978e0d3,233
f8428d20-bc0e-4088-a19f-30b2911bc0d4,165
48968eb9-dc76-41d8-b362-2e4fe8f02984,84
b3e92336-c240-4b3d-9ce4-7fce8a868a2e,84
c24d9b85-782c-456e-a08e-23010ce2749d,184
69261a30-b223-449e-adad-f71fcf72ff07,15
69261a30-b223-449e-adad-f71fcf72ff07,204
6d9b7434-9242-42ec-b764-1edcc3143055,184
e663f19a-cacb-43fd-b1d8-266e48e170b0,236
bfbcf558-4376-430e-be5a-9262a929b3de,236
f7ce2755-76ad-4508-ae63-790003d97cb9,14
e3a0ded8-3daa-4d5b-aec5-76689761a585,159
0253bab0-40f3-4a8e-be56-5495c7a3db4e,235
470529e8-568d-4551-930d-d1d0f76a74cc,144
23f201e7-83b3-49c2-b1ba-503df8713104,77
07edc968-b90e-43d5-8240-c21dea29b16f,60
b60a6599-d06a-41a6-9abb-4749df729f40,167
48a28ee0-dcce-4612-87fe-9db20be82a14,61
b46cf668-9705-47a9-8d80-4e5d1469cc7f,184
2c6424a5-4143-4e06-bd16-0253dff5c8e5,116
a67e5572-229f-4715-bc7f-03d3853f47fc,116
c51840f1-3724-41ef-af6b-480e8881c990,184
9b79f464-7b44-40bf-975e-7d82352d2815,236
470700e9-725e-49cf-86b0-22081f719b51,236
1118f129-63d7-4084-a0ad-58bd03f47873,236
dc11136b-a3f8-4484-9e57-a19fad326c82,77
eb8724c6-6fec-4c75-8029-96ffcb3efa1d,236
e06ed575-7435-4a91-a02b-6613735dfa3a,236
295d61d7-66c1-47d0-90f6-859c310ebdcc,66
fcf29895-4063-4256-8d9d-bc6e16620928,113
bac69994-f0eb-40f1-9c4a-18c1ee64dd93,15
db942f40-c532-4a52-b223-1af349b51713,84
a7fd7b4f-0630-40ca-8a50-1449b2915a97,110
c899a1c5-b3b1-4c87-aecb-0c8d83dfaa6c,236
67909873-9c6c-41e3-8aa5-88a8ea9cdeaf,111
a5d43fc4-9822-44d3-b748-2a3fcc6bfc14,184
683e9d5c-6ae1-4816-b902-e6f39c9ff22e,184
4a238c94-4c2a-422d-841e-c73bb564cf16,103
5efa70f9-d495-4de1-a7ae-322cc74e4dab,27
0d6e107c-92bb-4e6f-a6d9-9b3b6ad73d60,84
96a2fbdb-5ea9-4081-8d5f-4bfac1f9cfa8,60
73997456-a094-47a8-93ae-64e694ee2318,236
ec058d61-ac51-4e69-9f32-f42650fc83eb,14
c65db3d4-ae34-48e7-ae39-b50ab4c85099,184
1fe8f393-28b2-4fca-8ec0-67240b9184cf,87
07d134ff-1467-40bb-8f21-38470b8e9fcc,236
0d0a407f-59db-4294-bb15-8ba809f3ca12,113
90910412-1b6f-4629-8aec-c583ee868431,228
540282b6-74b0-436a-9ab6-ea4eec2c0953,228
6fb242a1-ac60-453b-abf9-434d96139274,235
7a2366f6-8367-464b-a288-6a24a087ba4b,184
7fa98e1d-9d16-47b8-a81f-e2bcb0bc98e7,46
2e7f8dba-0ebf-40cb-945b-63e6cb94f484,216
904de13d-1b0a-4d72-ae5c-b422802a18a6,46
9bf99478-63eb-4e17-ab73-ddf9362bb0f6,15
87fc22f7-49a8-4177-ac34-bc3c94d1e964,84
542c65eb-0653-4be1-892c-0995c409be80,61
2ed9cc0e-a4dd-482b-8125-24dba51ca622,144
e5b31172-509c-43bf-ba40-7349104442f1,236
b4c67ab1-9662-4d6e-b5bd-8d761e6cdc14,84
47026dd0-5de6-4bb8-a811-dcf791459022,236
2afb2166-5d33-4d86-9c46-2fd7b91d4407,184
470721b6-b899-4b74-83b6-f8c933289603,184
e03339ab-7ba1-40fc-9f4e-76c8b1154309,236
d709ea32-d4c8-49af-a3dc-55338e84e175,216
32dea4e7-9548-46dd-917f-5193cfe536a8,11
93342e02-fcb0-4807-9fff-cadc0f6ae704,27
1a5485a3-59e5-4831-ae3e-f85a2392fd19,235
58c16475-0e7c-4a79-af3e-f28f6c8692f9,111
7a49a036-9ae8-44fa-b0c0-ec42189cdf67,111
ebe18259-db1c-4efb-80f5-43fad230c3c2,179
d31a2f31-9909-4d9f-9d03-6f485197b7b0,15
d6f3bf55-855a-40b6-9a39-dae95977f737,183
d6f3bf55-855a-40b6-9a39-dae95977f737,102
353077f0-b4b8-4f33-8cbc-b09f02caeecc,46
7b646a5a-758a-4659-8afc-6d4e1edc4721,216
90f4580a-9286-48a8-9ca0-e3bbf12a410b,84
b9d17a8c-8744-4fa1-992b-97f7620fedf1,111
6208f963-df5e-492f-8d41-9f6eba8f7d7e,215
a16590cd-33e1-48f9-90be-ca1ac2a4db91,111
57f1ae6b-a48c-472f-bdff-87463f4ab612,236
188ea2db-08ed-4871-ab87-c55ae659639c,236
f5dd1ae8-1d06-44fa-aed0-8e41944a0ab2,211
7fa015d0-e8a8-4d68-b6f2-dd4acbbaedf7,179
cd21df7b-f368-4765-ad61-0d4e8d7d865f,236
1973336f-02a0-48fd-8f21-215622205a6b,77
2ee1f6ad-1736-4620-9983-7792c3518fc1,81
e1b701f5-2809-414e-a2b3-191aa939840c,236
1fbab9b4-05e3-471f-8336-fcb7c16b7cac,235
8e4f0f57-c0aa-4fd1-892b-3d222de29f0c,41
62e86504-939f-42e1-b52e-c6d07fc9f66a,236
7bd3e26a-34f1-4a3e-a6fc-fd235748340b,236
22b68517-f265-4f88-a77e-d99e89a62a12,236
cec86500-411a-4632-ba4e-ff2b657ea810,84
c31dd3ba-ec8e-4f38-b71b-d8c59e679ce3,45
5cffa6ed-100b-48d0-b8bf-6ee23d272776,236
2a70c087-d04a-4beb-886c-e4018d6c1775,111
5f1fb2b2-273b-4860-b0c2-3dc6601694e3,216
2456266d-391b-4dfe-96d0-8065877a81ff,184
93d85d61-cdfa-49a3-9370-36d6546dba5d,41
d7ded21e-0f92-45c2-9a10-f18466c37c82,76
8cf7709e-8aa5-43f2-9800-508622aba58c,113
5784172f-00a9-47de-a182-4e34242be0ae,46
150c03d0-0201-4307-b872-67a3b21ef0fb,113
d1c7c2d1-070c-4c7f-a768-407a1e672511,236
7a5e657a-6f2f-491b-b856-3d261cc4b617,15
dffc599c-695d-4a5c-aa13-dbca44de74ba,184
85ada7b2-80ce-4693-bdd7-148fe7ca8d98,207
6014e6a2-9606-4f89-9099-20c8a777c79b,46
4414f86d-1ce9-40ec-b540-25c09f22e43a,216
11ea3f46-f975-4343-a676-fd41648b2c72,46
1f8bd0fe-e123-46b8-ad57-ff4262716f92,46
fb3dc469-6490-460a-b001-b1c4805a78c6,108
790cee37-f00b-4f4b-84c3-cafb631aba9e,41
cebc8238-e383-40d0-af71-80424f835e7e,236
81e4e4ac-c6aa-43b6-ba00-8e0d93e6477c,185
45e093d2-3e2c-4115-8628-ddc591eb07c7,178
ebb73df2-4534-4682-8b98-f3c2b57291b2,77
a54663d2-0c65-4c7e-970c-97e34fe2e25b,15
f9284a17-7718-46f1-93dd-bcd207084cef,84
78fb800d-3ce2-4136-b9c6-18516bcae269,236
257b5dee-23e1-453d-bd42-fb3f572d65f0,84
1fa55159-7ab0-4ab7-90b0-3e043823d5d6,84
26c19605-3b8a-4e9c-8042-a810b0b9f465,60
44a76a5d-09d3-4a18-928d-ab960b9ea282,236
e81d2fc9-cb8b-4385-8557-b5f278c6d3dd,84
d84d7e6d-94b8-4bbf-b49a-2b589345d3e7,216
4110c3f1-29a3-4a1b-b0ee-17520b395332,77
3510bb00-5fb6-45da-b099-3f8d69b888b7,236
b498d7d3-3a0d-4df7-b65b-c829b4bc550e,236
9625c0c0-36e0-4e90-9731-0b9b4795da5c,87
09df87a4-574c-4b88-9414-7322e878c9f3,184
7e5eab53-2e28-4a11-9d88-e50a7c6a3d07,215
7fa3c077-eec4-41f5-b90b-64eb045c8fc5,14
86bac7a8-f913-4509-b128-0659382fa8f6,108
c4cc5dbb-cdb0-484a-a133-14ece1c2bfae,236
cfd5eaf5-763d-430d-85b5-e91fe7961af9,236
02838d89-114b-4d93-b1c7-c34deb0ddc90,14
e5effea2-f6a2-4332-83c8-50406f85ea4f,236
1a41f81a-d018-46ac-b0bb-d95ccf2994d2,45
01f84647-2857-43fc-b5c2-27c3ee6ed1e9,108
e23cbb70-8ac5-459b-b913-98181c66b984,236
338071c1-a59b-4897-90cd-e5008c049656,84
3e40b481-0634-4e3b-a4af-dc97c0877c18,84
5e3528f7-89d9-4f88-acd7-4621f36bb410,32
95877e97-b9e9-4edf-b4b5-315d08e34a83,236
1433d937-4484-4b41-adeb-1a9788ab721b,111
30f0379a-e421-4aa8-8474-726ac58786d1,236
a1b8fdd1-2145-4041-9d2c-86c6d13fc032,236
51ffdc29-8efe-4b1e-a194-07e2bb1af5ef,236
d95c0d9d-4e6e-455b-a615-08799c1432d6,111
a104393d-876e-4b0d-98f1-d58a8618f399,236
0e694c83-6b25-4796-a47c-f21a9dd1535e,84
d8c7e71f-21d8-4fe1-870a-2885e189404a,15
d3dc0c93-9c85-4785-8558-f804072268bc,167
7a7e6324-0ee3-4285-a7e9-71625637e67d,216
45710ac7-4fe2-489b-ae28-ced9e4a3ba9a,216
64e55c9e-259a-4698-889e-452d29ac01c2,154
5acd22f1-e11d-42f8-8324-6b8d42765d69,184
0c0bc118-be93-41a3-b7c7-647b16fbfb69,144
f421a09c-f8b1-40d6-97b2-b805502db475,210
7a753adf-aa7f-42ae-bc60-746588e0843d,45
f8279b8d-97de-46c6-90b2-118fbefb3ce3,144
fc02af38-ef69-47c2-bb70-a3ad4ee23fdb,215
6fa7a231-83ef-4aec-974c-ba4736deb240,46
fba73788-a9f8-4fc6-a8a4-d022dcd45622,46
af9b15c5-1b32-4e54-8f44-7d93ec8533d4,15
24355360-c763-482a-9237-68607a291d27,110
2f1f7058-ae3e-494f-97ff-8f8260cacbd8,96
cc969a2f-e463-4ba4-862d-03aca9c32713,30
892adeea-1312-489e-a1d3-fa98e08f5edc,84
3e6b3d28-6644-4b92-8e12-a160a5c2f477,84
fc94c93a-2310-49cb-9df6-5b832e8994f4,60
8e186ab5-eb83-4030-bbad-103263080c5d,236
136fa8fe-46f9-4906-8873-e97d4cc37a28,110
945122af-98f7-4982-935f-d5f8cc829f42,215
64072037-3086-4ab4-9dfc-0a131acf7471,46
1f81c88e-fb13-4795-8096-21f73083cd39,84
ca5e7cde-972b-4a0c-87a6-2b372f1b29d6,236
8294ace2-a191-4f30-8351-36ac896ff28b,171
39238098-cc87-473a-86b2-f71f74486e6f,235
06f6231d-8422-49f9-a1b1-bbb81b3484f0,215
592a2280-6d94-4d70-8d4c-2404f247ee65,15
da95b75d-97da-41fc-a414-413655afacc6,115
710ad138-1b15-45b4-a035-6b75c5538459,41
cba75888-2c17-4f3b-b8c1-694664854fb9,110
0b246644-d873-499f-b78d-73d89bc9d3b6,236
034bef50-84fa-4509-82b5-0998a1bd5de6,45
f5609aa4-7309-49ab-bd85-62ee86a9f08f,235
abd02282-6546-4534-96bb-2adf8510fe8e,14
8cc1ef88-70e9-4a0b-92a1-ab9fe4a991f4,236
63c4bab7-94d6-4c3b-8647-7574a76ca6b2,84
cdb82036-bfa9-41a5-a9e0-f28c70fbfdd5,236
6d95a312-f71f-434f-ba6b-5b0814707dd9,41
43a08272-7b2f-4a50-9505-281ab166bac6,167
6f321fd8-19eb-48f4-b581-f22a1a366a56,103
2378e81f-4256-4541-8668-2c1885129c45,236
75096a22-48ca-4616-b7c8-a1518f8b4a95,41
081faa78-9067-4e71-acf8-5e8548c1786c,35
f377fac1-795c-42f0-8f9f-5b7631678c34,60
5a26a20e-5eef-4560-804e-9183e565f57d,60
0bf4d7b4-cf7d-418b-8da4-8281ef4b76fc,236
fa30946e-9555-476a-9469-9489f71fbb39,46
efa48a5e-bd77-4f41-82e6-1c7039d2437f,84
7ed646eb-4eb6-4453-b6f3-efef084f6254,236
67eea3c5-469b-4c1f-9ff3-73990be86ff9,144
8e6d87d6-f62a-4ec2-a75f-77543654e396,236
137463b9-ad25-4630-89d5-b79723fae727,41
edcc89be-3a88-4389-8744-29c02d603d87,87
d40d29fc-4014-43f9-bc4a-cc3515f305bc,84
e049ad58-fa4d-418b-9814-a4fa307b982c,46
72c2f8ae-50fc-4f2e-8793-3027ae2f6815,236
1120fa7f-aa0e-45e6-ac32-1a8b5608054c,113
540a1396-e331-4b42-9f6f-6c0a9cfec5dd,113
d1a2197d-c058-4553-a3b5-3c777d862a56,41
4110b3b2-9af3-41b5-ae79-3183ee0dcc3a,203
6622b243-1f4c-433b-88c3-5e653011b8a6,167
944da957-bd82-4990-9c86-8d60778132ab,167
fa29abaa-5233-4a5e-9e1b-00e088662ebb,46
955a7281-6087-4882-8170-6bf8ad84b4fa,218
3843dd81-dbe8-4370-82a0-0475be0d596d,235
e146bd90-e619-4fe9-b6a2-d0b3da9cc702,46
d8323c32-e19b-4a10-adb8-8aba7a99ac36,46
854c127d-0d85-4b2a-bd08-96c6902ed6d6,46
6064c694-52b9-4e15-bf34-8b75fbebaaa9,113
88cd19c5-61bb-4a5e-8982-b1ff7f279b23,113
c01b10f2-633f-442b-80dc-f862999eca31,207
7e3f7b42-ef7e-4ec8-8a25-da9a746296d2,46
42e4a772-1e20-4124-bfac-a93aa4d16cdc,46
72eaa998-799d-41a0-b763-d789fbf8669b,46
d44f963e-c126-4420-8aa2-3c6b457c04a0,45
a32c3c69-4587-4219-9fbe-c14175813445,175
d73ba731-a797-4589-99fb-d19c0dc078d9,46
dadd8cd3-4364-4392-9bb9-88392d5f551a,11
26a27422-14bf-45c7-9aa6-c938308911ea,84
a5a4ed88-9c39-4ef5-8b70-67225252546f,236
8935c66e-cf34-49b1-af4e-3dee963aee93,46
284748de-49d2-40c3-acb9-671539687819,167
d765144b-e975-43c7-add8-91da42624eb2,102
00a55b8b-4b97-4bf0-b577-11039f85d46b,77
1d286690-5f30-49c5-9755-42ea9fa97cd2,215
2ecf1ef6-d79b-4089-a044-f5819bc95dd4,103
9b7d7d71-667a-4d80-bcaa-8ed248068edf,111
d388f65c-74a4-47b3-a98b-864caf96efe8,154
9466ff19-514e-48d1-a3da-03168121ac22,204
7f97a7a5-6192-465b-bf6a-fbc14ecdd9d5,61
d47ed355-0f1a-4d86-acde-174d357947bf,61
16254f75-3230-4b49-9f63-b9717dda970a,113
d55cd6de-dff1-4d73-9c44-955d17ebacf8,61
3ae31cdc-f849-4c23-9de4-419e0abb2b32,184
c479f175-fbb0-46a0-ad53-88e040a689e8,236
d3e7ad3e-89ad-452c-a237-7dc39896a32d,184
fddf8770-fc68-44dd-947f-d26feec9abb6,184
4a49a9a0-e707-421e-a0d6-e94843ba32be,111
919c490a-835d-4603-ba50-d9c957dfd7dd,184
bd30bb93-7edc-4932-b952-fe7f24b93c7f,76
10e2b3cc-e9ce-4229-856f-429b114282b6,151
64a0ddc1-ad3c-482e-9115-3436dfbb3415,236
9d6f86ad-9264-43e5-b552-ad84cc4fcbe4,184
305e8444-dcf8-4213-af3e-efe95657d2db,116
3a6e0829-d9ea-42cc-91bc-8247f075d82e,116
f8786f6d-17a5-4add-ab96-a697b38ba77d,104
a7719bb7-6a74-462a-9202-dac199d6fdb8,104
0c13a541-df25-4ad6-9c97-302b0fd32161,184
bd3c0d45-20d1-4ed3-819b-89860d4e10f8,242
bd3c0d45-20d1-4ed3-819b-89860d4e10f8,123
bd3c0d45-20d1-4ed3-819b-89860d4e10f8,39
bd3c0d45-20d1-4ed3-819b-89860d4e10f8,221
bd3c0d45-20d1-4ed3-819b-89860d4e10f8,46
afd58cce-ff59-4558-a7d8-7531c372ac08,184
1d57158f-6f50-4311-8a5b-9eb389c1fbe1,184
bcae2fdd-6274-4ea0-a1f6-ef1278a5a379,15
f42a0053-57da-4069-9262-abbba01155fa,207
dd8ba2d6-95f0-4de7-a211-612f623b51fa,236
b5901fae-d7c6-4480-adee-b3fb67a4b46a,236
8dc41082-902a-444d-bdec-19125e39b946,45
2c91181b-a180-4f7b-9f8f-2edfeb3603d7,106
f2b5d7c9-454b-4297-96af-0fd4901dc809,107
7b98d454-7d2c-4986-a42b-662a36731c9f,116
82410d16-56c2-472f-bffc-60effe2b9995,151
d2397c49-1d2f-4f79-9859-2c4c0b6d5813,184
484862d8-fb62-43fc-bc5c-1aeaf70c51a5,116
e0856c8f-59a8-4345-8a47-556e4c034d87,113
d3105fde-a8fe-4b5b-b625-dc28cdea3f46,60
01c647c2-3afc-4bf9-8540-e2fe2bf99d08,60
8211b4a0-6e9e-4bb3-8c9a-b55c6bac6f00,113
ac961cb8-62d4-41b3-8215-9aa00bfec2ca,184
7713ddbb-ff0f-4b1e-b436-73d7618547ad,248
2db9b81f-4986-4ae9-a2ee-94f33226be37,184
fac473e9-e0a9-49ba-bc32-05b94a67b7c7,113
f932e5cd-8a06-4a38-a72a-d9b7c836c0b4,41
90ef4c4c-ffc2-466c-8b61-1cd09e5d46c5,85
ab2560fd-71a9-4be4-829f-926c5e98068d,113
c89d06a4-87de-4eba-b185-74a1fef19f28,113
78e445c0-a7dc-41f0-b582-95b7591f383a,113
c496b264-fab1-4537-9ce1-e1f136eb33d4,113
bdc4e6f1-4beb-4b1e-9a9c-b746ccba94a0,41
9f1245b4-a6fb-4c0b-af84-f1740183af9c,60
a90d0414-529e-45d4-a23b-dfa48627762d,210
1a5b5650-edd4-4d9d-9d6e-de9c6d09098f,215
eb3a7f19-1eef-4dfe-ac91-f5f8d731a3a0,198
04d9f620-99c0-4d56-8937-cefe436a65d3,11
96f28d87-b513-4e14-b7f2-40cc89721278,104
42a96fc0-5f07-42b3-a4ea-720ec9091e5e,144
42132548-65c3-4388-877a-de69f95049bc,120
1e62aa7d-34e6-418b-abb3-0ec44960a7e5,198
18f2bf9f-2861-4e79-a2d7-b0c488ed1608,210
bb29bf6c-65d6-424f-a1bd-379ed30ee975,77
1e77baf2-e7ad-40af-bec0-6172eb974ba3,15
c065bef6-2eac-498f-98c3-35cf8576c53e,203
948e9d2e-f70f-4076-8343-054de7497ac0,41
4a5ad84c-4ef2-42f0-8bff-3e49963487b1,236
092e2924-3b93-4791-9a92-f1a48b8ba94f,228
436a6997-57d3-4ffd-91b0-196730b78ad2,46
24a20aff-1c74-4d8f-8bd9-695b3f1c8a68,46
0634fa0a-73b2-45f7-80ad-8603c6817041,46
c22af313-489e-42c3-a1da-437478e8d14f,236
571c3493-0864-481e-8ea1-1be6f10981d4,119
c12d58cb-a51a-449a-8618-973b0738f839,113
fa4aa2fd-3a23-4316-87bb-0c8f535c8a13,32
1b13320b-5128-42a1-92d9-d1b289539887,236
871cd226-ad76-4134-98e7-4a40b59dad9f,45
0077da35-e5fc-4dff-a1b9-954401b25503,236
fd79b335-f5b4-40d2-b88e-22690a0c7570,236
712f84eb-242e-41f0-81eb-ad1a8de0c30c,14
cce7ba63-cec9-4955-b561-bb6e1d19dc7f,76
3eaade14-8d41-4513-871a-479be19ec77b,76
1981a1fe-887f-462f-96f5-93dfd6c0fdf7,184
970b3931-2c0f-4b67-90c5-bacba422be65,61
fcd10fa1-cc8c-43b4-b8cd-215f41d4197e,110
8389650e-ba91-4dc2-9b7e-fa30d98f0cd8,236
eee36e06-10b7-4b54-baa6-99527c04bf45,14
4d3da8d0-0303-47f5-a4b4-87c61e6339e9,113
0156af62-aa5f-4688-a87c-94c4dc648278,87
1036e641-bd4a-43e6-a47c-5cb30008e8ff,87
e171520c-22da-4765-ad73-dda87d209976,14
e72e7902-722f-43b5-89c0-06f5965b70e1,184
92076771-178f-4f92-991d-c67162ce739a,113
66680852-eb34-4974-b8ca-ee053512b7ea,52
3f31ff2a-3849-493e-b92a-d380e3b4b9df,52
96d85bc1-7097-412b-8fa7-5be42794ba49,44
e0ef1ce9-c82e-4409-81ef-eeab8c9a559f,60
a15361b6-d99d-4a72-8419-2b141ddbf89f,113
c4ad6a4c-e3bd-44ee-85d7-9ed3875df1da,248
efc5b85c-e0be-4c95-8715-8fb9fdfcdc3b,46
cee02c86-ef6c-4b6d-a6a3-366f843d4ae1,14
83766536-8830-4013-aec7-77ee60f1b09e,184
dacc8cd6-e19a-401e-bffa-32a1bf9091a6,76
cf5e7c24-59e5-4399-a181-596e1e3d3d2f,154
8354a126-0815-4ef6-9ef2-76c46445a1fd,184
9947bcbf-5ed4-48ad-b85f-ed8dbfd518fc,184
9e0c6b12-283a-48c2-903f-2f33509f6a55,113
43d0d2bc-0788-4d12-88d2-5f6762a340f8,52
94611a17-3927-4419-9673-9a717bc2e2dc,184
94611a17-3927-4419-9673-9a717bc2e2dc,83
94611a17-3927-4419-9673-9a717bc2e2dc,16
94611a17-3927-4419-9673-9a717bc2e2dc,12
53b7af2b-7c0f-46f6-99db-75f699cd4771,113
39c18a09-07eb-4309-9cf9-8067f5848944,116
e86b6414-10f3-49e4-8f3a-fb4a924161f6,184
a44a11e9-bf5b-4e72-8f51-f77f063c9f05,184
315b75e5-7679-451c-a24c-d2f034e36ab0,84
91f03e87-e310-4182-bf68-e8f3a64a24ba,117
aba814eb-aad7-47bc-b647-b196bf34d211,220
521d6dfc-0035-4da7-8a5a-c49170f50cba,236
6c54f421-c9e0-4633-b753-f0b345d15aac,233
dff74f6b-0a61-4cef-b44b-c480287cf7a2,215
adb7c909-f082-4791-9716-d8bbae28aab7,184
6ba8ff6a-d8e0-4dd7-9a00-bc29c93dfeaa,236
eabc3e16-0a92-49d7-b63d-0427b55ab9e7,122
b49c2108-e4e3-4e22-aaf5-c7be695cfbf8,184
78658edc-d8f4-4105-bf22-b63ed7a9588b,1
6347fac9-e7ea-4273-b70d-8f9b5fe0eb4e,184
d99181c0-51fa-4857-816c-62de6daf19bf,184
bdd1eedf-eecc-4133-a019-4f0cfe69be21,184
0c19c994-1a62-4529-b222-7b339672d057,154
cd50b0be-c162-43d1-a736-5864e8ca75c5,106
d790769e-5ced-4b3e-8d27-cd23c5c49ccb,41
0f2b058e-a609-488a-b21c-541ad7a1938b,235
972d6914-c37f-47d8-8524-dbfa0ddb004c,108
55be9ae5-3d58-467d-b09a-06435015fce0,207
644ba885-d1e5-4dd6-92ac-aa13c8631361,14
871972a7-b791-4067-b46b-937a9035feb2,236
62aa83de-7e15-4062-8155-7db37bc06b28,14
54d41488-8520-4b3d-bd22-8c5b58d2262b,52
10c82e0c-e4f8-42f8-a7fc-8b6733362f1b,87
d3ef1dd8-e153-4d86-9b57-796da7ef5f45,52
0d24438b-62d8-42e4-bd22-9f905eb3e144,76
66e0eac8-aaed-4d6d-a373-32f2e93e1b1a,52
85edf679-ac67-44e9-8478-f8750eeef2b4,60
36f47498-d757-4043-8be0-96da4e02f493,15
c570aa3d-543b-40a2-93fc-cd1ece87be51,184
c1a93926-8ee5-4387-b440-e0e680b480c0,236
f89a9714-5d59-4f46-a1d1-63f27bbb25a8,184
cfeb6549-df0c-40f8-9582-e52b4cb236f9,113
e33e72f5-6c68-4535-b857-5eae0dceae1a,52
abc1bdec-d347-492e-bad7-5193695b0a4e,15
cba3d03c-6815-4dd7-bdf7-93a72609b724,184
a89dfff4-2cd4-4815-bae8-ff4cd2eafe78,15
1ac4115d-1b1a-40ed-a427-a0eddc777362,116
b112dfdb-8fee-4648-90a2-ce915fc5fe68,104
cf02a5e9-7131-4d9c-bb82-b708078e7315,60
a20056c7-021d-41d7-8a6c-055f96d8525f,184
e86ab4d6-fdc1-4bf7-9a36-d0da6cffa3f8,184
1f9019da-1db8-4d82-bdb1-093216bc0002,52
66b5afa4-c811-4aaf-ba5c-bcf600e78068,184
15d1054d-414b-417e-987f-cbff2f81fac6,154
c4cab041-0652-457e-98f7-ea90036a1ed1,184
8ae1923b-6932-4f96-b6c3-4af6b8c9eb69,167
230ed371-30ef-499b-a68a-fe6370464644,228
403645f1-7703-49ab-acc6-a4abe6c1802e,120
d4760536-1beb-4e0b-8c1c-bc8be42c5194,120
30a7e148-569e-48e3-af1d-d096371f139e,184
30b28644-1df5-406a-b8cc-735d42e8c05a,184
b0e21a02-753d-49e2-9aa7-0af3b86c725c,84
5a2534f3-4fe1-4bc9-a8e7-5cfb4b0df6a3,184
69b48b5b-8227-4057-9490-d24cd151de92,60
ca76c2a3-af14-403c-9d9d-1d3d6c0d4b32,184
5c51186c-4618-4694-9da6-8cdb5d619c61,84
82547109-217b-47a5-8487-85151d5fe1ed,215
06a2d36e-a94a-4118-8ff8-d8296bb75bd6,60
d00f0bbf-e1f3-408f-80e3-e1ad92faf7ee,61
b6888fea-716c-4c09-a570-e132bffe1d5f,184
13903a68-a0a2-4439-b528-f83c1c42757b,184
034f4b95-6bc3-4e8c-a1f0-5c2dd0e7604a,184
b42bef62-83f1-4125-8c18-ebaa7ef0cdf7,184
660ec123-95f6-440f-b95e-03ec4faea203,116
7da186e3-415e-4609-80df-bc2308a5ca60,184
13f0c589-9171-4ef6-8022-ec46dd1bd1bb,14
d87cf2a6-4ad7-4a22-9e96-c6cb19724971,46
131c05d2-ec3a-499e-bef0-092e845bb955,239
4b5e00d8-1a9b-4dfe-b651-f1a1e67dc3c5,184
4d80f638-db09-47ea-aa29-04f30c050d90,116
d32a88f1-9946-41cc-ac6f-6df1aeae3a52,184
6cd757df-7847-4410-91be-320d3bf51b9d,116
2b3b77b9-bfff-4814-ba0c-eed77a908415,60
eb17858e-a862-4320-acae-206650f4a7f6,61
7703d1eb-1b9d-4ee3-b867-88982517e89e,122
c2e9220b-5dbd-4cec-b0ee-d93bc48f656c,239
7ce615d1-8ea3-4391-b5d7-cce158340d78,84
1f352d5f-0ebe-4549-9475-1ac1ca2d77fb,41
d1e323d4-dc47-4e74-8087-fa826023a0e8,236
2d44a06d-913c-4d6f-a44a-318bbc63a203,111
9e9e86c9-00a3-4558-8b16-4dc9cc996ea7,144
cc18acf5-c99e-4a40-b6fc-d9d452c73bb6,84
031c528f-046e-41d9-ba10-d254f8089be9,46
cf591785-c8ca-40f6-857b-f1953c512832,184
70ba071a-a958-46ef-9ebc-74f33ad79454,236
3f9a945b-ff75-4582-a04d-420688131bb3,236
f556b2dd-7f5f-4256-b242-6dfdf15da4ef,14
2f6ae9ff-d79e-4c25-8582-6e80d526f9a4,235
552931a3-d763-4d1d-980e-1584eb66ffdf,215
83b6679c-ca61-404a-87fd-6a3af12ef5be,215
a28e3881-e3e5-4d5e-87ad-69c2eefe373b,41
0e9b178b-e11e-4ed5-a7b4-168d9d57aafc,46
baffc81e-74d3-410b-806a-27054046f2f8,236
b4668449-2404-41a2-80c8-f5ba4f1e24f9,46
26d84403-073a-4436-8261-79354715c5de,41
42c74211-6407-49c9-987c-c6d2d1dafd28,184
352a1c5e-b631-4d5a-9d4d-42363c79c4f0,64
fa5b7f62-e15e-436a-9d5f-f2fb81b742d4,108
809602dc-cafc-4399-9372-b120d8ab368c,236
77205a68-b0f9-44e9-9897-ca9bab80688a,111
904e4f6a-e46d-42d9-8425-387d6972a02d,41
031cb67b-c364-48a5-8814-645ae7cffeac,27
93edcd61-c84a-410a-a2fc-003ab8ede6e7,236
569b7b0b-a924-4fae-be31-4b8ba8437159,87
89be9aa2-8af8-4003-9717-2de8b828918f,45
ca926f71-fab1-496c-81bd-f106fc26c45f,84
09285a85-e8f4-4882-bde3-b30843b80b4d,84
c020457b-0bcd-49d6-af74-472178a0ec90,167
ae472d3e-ff33-4af6-af07-6f14a4744077,235
16e6334d-155a-48de-9ed5-bb0bcd06461b,236
cb90a3de-c358-4159-9714-6b173dd32763,184
c289a23e-fb8e-4beb-b4e4-60aa0486490a,216
28e14a9b-3d7e-473c-b456-0e428ced142b,184
a05bc0e4-2093-4ac4-b3f6-227ec27ef723,15
e5d8b516-4e0f-4caa-bf16-b7e74c475c73,15
8e8cef1f-3ceb-4be3-934b-4029cf8f7bff,184
2c897ec3-20b5-4dc9-abf1-1bbc7410a56b,60
47dd8376-112b-4be8-bacd-9f6ea392beee,111
08fedb14-3f2a-415f-af9b-db13615d1d95,236
0d96f9dc-45ed-409c-bb59-1d459f7d6ff2,203
28211dec-7ee1-45c6-b0a1-e4a54f9df8c1,52
6fe3f26d-b262-4f30-a36a-bbc8d95f23c5,84
79429260-fec5-4e2a-95fc-e9bb592e12e4,236
48d53580-4b5e-487b-a6d1-06179e3aac7e,179
332bab93-3fbc-495c-9056-5e5ad2d8ac35,210
3616322c-6c98-4ce4-bfd4-e0c0d83c314b,46
f653ee8c-3963-466a-a940-48b28af6d5d0,46
90c430dd-fb6c-46cd-9331-17639cab5048,167
459571d5-826d-439a-9c0b-e8fd26749fc3,235
39c7a1e2-d9c3-4876-940f-b1639c335e5a,235
f849d971-6adb-4a0c-bf48-20b87989a0c9,11
50db9ca1-bb1a-4ea8-a942-bc8af8d508f9,15
d991dacb-6308-4d0b-aca2-b2f8d1f86b4f,207
8f0b7751-cd84-4404-ad9a-3d6ef8eae01f,236
1611428e-8aa9-45cf-bb5a-9e982268799f,236
706c1a4e-4194-4960-9899-1dda17166568,184
b9f76f7e-1165-46ec-a780-9a38b6035109,184
e0a81031-161b-4f24-bf11-39ee2b40a02e,46
a7e8e506-5ca7-4676-bb52-6f90053a77cb,52
8d983d96-4564-4ba6-9fc3-8dd6cf119d4f,178
d6679376-dbf7-4209-b7a8-adb9d4df02d9,236
73209443-7682-4997-9016-0e82d67562ef,52
cf13dd8a-77c7-45a7-af00-73fc42ca1045,52
a8b119af-6c38-48d7-b9f9-0570c39b17b3,14
eb3fddf6-1dd3-4221-a49e-f66d396f2ca2,184
74f8be0b-43d6-4bb3-b7f4-0774c2cc56e3,236
6ff0bfc4-6d5a-47a7-9377-8c3f25d1bf37,184
f1f48714-a871-4389-8252-9871bbdf7e56,84
522a11a8-e3d7-44e0-86f3-cb963c2b1078,46
b21b9427-db43-4fab-81a6-c5f1c36ac77c,248
c8df30b2-539a-4e5f-a4d4-096383a9e62f,111
af6b14ac-c79b-41d0-ab5a-64dbe8af0918,77
d790b31f-f0ec-493c-86c5-acc39f4c09b0,52
802f69f4-0355-48ed-85d0-de29dfffa7e1,131
99575b38-5d41-4e07-8e6a-86642707658e,176
46a42fb1-9012-4ea5-bc2c-6767007e9a25,41
5569b8d6-55b4-4a1e-a087-254af391a928,165
a5b40df3-1130-4549-b1e2-420cc00534d1,236
b1ddb4c5-d66c-4dcc-af73-5f7e2de6b5a0,179
7a17ad05-3212-40ca-9c44-2c27e8294dc9,179
95beca01-e86d-44cf-aa38-96cad0ca39d0,41
9ca252ac-8027-4af3-94dd-acc15bbd79d0,117
f64172a5-23dc-48a9-8544-4396f3ac1840,236
f81171b9-2b98-4eef-b9c2-ab3ede17fc72,116
6107df11-f217-4482-a741-862b960741a3,184
f1f59877-52f9-4105-a9b8-a9ec6623425a,46
c9d29c33-240c-40f3-aa6b-2ab502b7df33,135
68d066f3-7da4-4f18-8527-0c08b0a8deec,14
d6cb4d2e-a508-4cb4-82e2-6ff2f79db39d,184
52464234-ab2b-403a-9626-66162ae94de4,137
d1d7e74c-ecbe-4171-b0ed-b0692d35751b,15
a2e093b4-f8bf-46d7-bea4-cc4d6dda50c8,236
824468b2-3e95-4721-8b42-6315123f1f3a,235
9c5389b3-f640-448c-977e-9dba50489aa7,133
1ac8e67b-b03e-4aa2-8cdd-a30bd53443ea,46
18a74f5a-1d32-4630-bc94-09cc94f8e9c0,184
4a48729c-8f54-4e7a-9146-11bbaeedd2a0,41
3a02f6f1-8626-4526-a87c-95a64cdfa100,46
08908ece-f0b1-4b23-89fa-bab4708cdd63,144
c522ce0e-bb29-4f4a-bddb-2282e6ac2303,41
bdc4f2c8-10ca-4ed7-a57b-704ad7fbdf2b,216
2305f469-5766-4e70-ab1c-5487c092d747,144
c818c270-80a4-48f2-a6b2-2c1c16502730,236
4b427eb6-3300-468a-a384-f9b998041be4,184
53153f51-3f5e-4d57-835b-2365e55cb102,236
01207d96-332d-4588-8fba-92fdaf575c2d,236
e52a3405-55f0-4f8d-9356-de17b090b7f3,183
0c78e637-ccfd-43bb-aed9-bd121f0d1c54,183
0c78e637-ccfd-43bb-aed9-bd121f0d1c54,233
44bc490e-b88d-47d4-91e8-669d1d706d42,236
99f1f75b-7c86-4c63-8295-6815abde2bd6,151
5c4be0f8-c240-4067-b933-ec3559fb1a3e,184
16fbb8c9-3efa-41f8-94d1-470145c2cd36,77
b159d27a-14bc-4392-81f5-1c9cb41e966d,175
7786e16d-b824-419d-97ab-3168a5f4b80f,235
fd119086-9c23-4e6b-9218-0b3574bc539f,102
3a6cca57-8d69-440b-9b58-0cf6d620acec,41
5f21a74d-2f2e-459a-8857-33db6ffed84d,211
b7c2c5bd-6e31-497f-956d-cd0ed2d223e7,84
8b5c4caf-e14f-4e8b-8ef4-fdfa7b07c317,46
e52333c2-ee1f-44a2-93bd-1fbc676f64d7,207
382854c0-8a95-47fc-afec-327d95c0a6f8,220
2a1622a1-4ba2-4706-a28c-f1fbfbb03f5e,236
fba6eece-65eb-4b42-a45f-e1241b919950,236
b8f4db92-34f0-4d26-9206-291faf599a4b,46
9349cf08-9a92-47c6-b92c-068b5d9b1dee,45
399bcea9-d9f1-4b8c-bb7c-e5bfe1b5fe42,184
f9d3408e-be2b-42d2-a336-99bdedff3796,236
e1a75e5c-63ae-4e0a-b1c3-928b162be445,235
8ccc5bdc-e402-4af7-9135-f4d158393755,84
243e381a-501f-428e-b57b-81bd9ee6a15e,235
1161209a-bcd0-43e6-929a-4265bfc04686,11
6b6bdcb6-f64c-4f3b-830f-f403d3233cdc,77
d17ee321-afa6-4980-b231-45ab2984c47c,235
837b98dc-7d33-47a9-ad29-1d46330ff89f,220
4f1f3d12-7444-4a7c-b3f1-ed9577048a7e,236
08f38526-a8b9-412b-a728-e6e07191e7ee,84
8a9cbaaf-31e6-4f55-a560-74147a41361d,232
319fb9be-d3d5-4e7e-b511-9c8eedbe23f9,77
26500193-5b4a-450c-96da-edc8f2f3edd5,144
00426491-44f9-4429-8c35-0bb56c5da0aa,144
22140818-efbf-4cb2-880c-279e2232c0b6,144
ebee4572-8078-4dd9-bfc8-41cca5db1915,144
6daa01e0-6f42-4a88-b884-3adb67c56544,77
6c8a2bd6-45f7-44af-bb19-d0c4e3850047,46
2cc4612b-b239-4e5d-864a-256c26a2dbb9,184
cd83cfab-8406-4f55-a4fa-6704ad3669e3,111
4dfc3d49-e350-48c4-b675-5cda4240bff5,14
026272fe-fce1-422f-9b78-7ef189b67183,113
822fde25-f885-4720-8c3f-cd8ce8a34958,76
9cb7cd84-2b32-49d9-a18d-2950baf20022,113
f05b2d62-edca-403b-9860-a3f23809910b,113
32d6fc32-62fe-421d-bfe7-dcb561a35da0,216
68551349-f852-4623-b811-82bbf2720a5c,32
5f65b417-a9e0-4217-be3a-a4e0c764cc39,175
cbb92ffc-8af9-4add-938e-061e86ff5e93,236
d85292fc-a96e-4b5d-86a2-35582ee4fcf6,210
00c4ed0c-38ed-4837-a679-42483dbb765e,46
dbfdca81-9d1c-487c-8232-e0a2e008773e,236
4338fc4f-e9f0-4455-ab76-fb12a613c96f,113
e936dcfb-36d6-4db1-853e-c9a778562867,14
ecdf259f-469f-40cd-9110-a0eddfa50956,113
9afc4ea0-9c3a-4326-8d1c-6620932f9d5a,111
7baa35e6-872d-42c1-b9d0-9326936eeb1f,233
c6a4d5ee-5fc8-48bd-8469-47336933b319,196
2d4fdf4c-e71c-4be0-97c1-570355aa5622,144
5a34c405-5425-494b-bb95-e5f4d6d5dcfc,144
9dc3e60d-74bb-4976-b193-ab75707423da,207
586c73e7-6a97-4bbf-93e6-292ada9340c4,210
e39bd5bf-2445-4f63-be8c-6ed27836f58b,184
99355167-c12f-4215-a4ee-fd74cb66b5c6,236
076a2890-e326-4988-92e3-e4a5acb901a8,236
77fba907-a7c8-4f5a-9680-1b383909d67c,236
3c3bc71f-0caf-454b-aa94-5d8df91d6a30,60
15ee3ebd-24ab-4106-a781-5328c075be43,111
3c8ba6a1-4d9d-4807-bc4b-04c98a3cfe55,184
14a7efc4-1bbb-4152-b100-2f770e5b63ae,184
f2caac62-1c42-44a5-9d39-4e148024b388,180
eb572db1-0e33-4e87-a056-fb076a8defeb,148
fea970be-22dd-47a7-9f40-655c564116e0,183
a5e5d01a-2828-44cb-9f7f-4cc953de59be,236
d537981b-ec12-405f-93a1-85bdd613b2c6,236
eb4ac5e2-f0c0-449a-a8ea-58b7c4110c8b,41
d84056aa-5ea3-48af-a921-281008422448,77
09f87245-cd49-4074-8e18-a1f5133b4011,77
7491626a-b7e1-4bc1-ac6d-582066a9d4f8,111
3894303e-8154-4c2c-8e3f-4c22de61fc49,111
04c5e7ac-6db1-4954-8741-526f0a6fd7c9,41
4246d4c5-091b-4905-b970-de58a2172567,111
94f7f8a3-23b8-4608-b55b-7d2e0e03bad5,111
bd94ee1f-ab49-470a-b25c-c2dd44425252,77
b2f957c2-a771-482a-91f6-a73f2cde3585,236
158caf90-f38c-432a-82c2-e3f804b25871,41
ec351ff7-14c9-49bf-af3f-f682f156c27d,207
ae052114-35ba-4aa4-b7f8-e87cb196e577,14
95b7ec95-225e-42d8-8194-649884d83f31,14
557e7e41-0ae7-4d82-9773-b06e12967e2e,236
11896f55-7fdd-4fb4-b42e-4bd25ce290f9,178
054a1647-1052-47eb-8a23-643be5d12301,41
85d538f3-9e47-4e53-a4b2-3acfd3593b9e,236
6163204b-c180-4362-882a-a833dda6177c,235
e8fb40d9-1436-44eb-9ab3-37d75b8df226,84
4d583d82-3e6a-4b6e-9b42-6b3e95777c64,84
d91432f7-a68c-4190-a934-17f55c0fec45,167
87a7322b-ad5d-4ef2-a82d-3fa689c9beb1,235
854f11cc-9b7f-4078-8094-35481af32ed3,159
673bec9d-ad31-43fb-84f1-6195e6602eb7,81
63c718b7-c9d5-4529-8c30-69aaee8de1bd,14
5f6ed217-b621-4e8a-80fa-7e6ec59996f6,152
243ae094-55ef-418c-8ccb-0dcc2b05a2ad,232
6704f958-e646-41f5-8731-8e519d4d3e16,236
27915f08-253a-4522-8a50-85117409ff5b,46
43d8f733-5936-4bd6-a87d-3f5ff0e75607,236
fc2f958f-4b58-403a-a2ef-9bae5e5cdd2c,236
79a83203-19aa-476e-bea1-8fad80262c2e,235
b79255ac-d5ab-44d7-941c-ffa78ae2f13c,113
6fa9a2ec-b828-41a0-980b-7b9a6977fdad,14
09072fd9-4e71-488d-8708-4549bf39516d,215
1a62e909-3509-4983-ae7a-92c26fdc8c85,14
af963725-ff72-42df-9089-a5195d819001,184
b83eedf2-1dae-4320-ac6e-334a18707302,84
e869f54e-4a1c-4e28-bff6-0a1c8bf7f980,184
7290a122-09de-42e3-af3e-af9c81de5faa,184
9b013150-92fa-47b1-8734-c3d981c0eb81,219
7e3962ee-c6ce-4f2c-aca0-0e29c23f1d6c,41
183af565-1421-4eaa-8d20-e4f933091451,111
c2501eaf-ffc2-4d76-833f-4b28a063b819,184
6bc9a53b-6e92-41f0-9e69-cfab8e1702b0,84
a9f8eee7-25dd-4945-8f88-93107abc8975,236
3bc23565-012a-4a09-a24b-a988df50d7df,104
a585151d-07f4-4b80-bc7d-d89b4057a82b,171
e7638a99-ff59-4996-93dc-ea6fdfc0d4ad,4
e06761b3-550f-44b2-b122-39d3d5ba6a82,113
8d13fd44-a386-4181-bcb7-b235aef78e97,183
053947d5-64f4-4f0d-bbdc-4aa7e70bfcf1,113
720412a9-246d-48e7-aa15-8d47877cccc1,113
852837c9-b1b3-4bc8-ae51-96bb03b03621,154
7f3595c9-c466-43da-873f-b1a86c802e38,46
889b7529-d176-476c-8576-f7382b6126b8,46
c1f3dcec-6630-464d-ac37-408d30e1606c,45
6b16e9b2-cbe2-436b-8f71-578eec2f3f65,46
95b041c5-bcae-4a0f-a0b8-af5c2c69a17d,61
5917a149-69cf-462b-88f3-44b43ecb046e,110
5f4ddbbb-50f2-4139-9b99-b23e5758963b,61
4862399f-12c5-419d-be33-3308a9f1d8f5,207
d03d82ff-eb8c-47d2-91ba-046a01670139,110
311dca57-2340-4137-993f-82a985e07b6d,77
9e28ec48-aba9-4fc2-bd04-2fd879c47714,184
89f45a62-e7b9-4964-b353-fc0d7522215a,184
d8418adb-6df2-4ff7-b1b4-9a57f0e0966e,236
b1e56165-a32b-43f8-b147-6490e082e8d1,84
9850d9c9-6ea5-4361-82bf-dd79283e1912,236
9a15acc8-bcaf-4913-99db-b82602cfbf68,184
463ca8dc-fbd8-400c-bb2c-aecdaca08d4b,184
195219e8-5e5b-4d38-9c1a-8c22b8d6be0e,165
08571dd8-7275-4e47-931a-e4d5a9253b00,135
a5f9d8d1-2a82-4acd-bf94-14f0324f09b8,84
6ca688ba-c96e-42fa-80c2-647b891fa6c7,162
2ca0c8e0-9b62-41a5-b693-4275843c4727,113
efa85452-8a9e-43a4-bd82-dfd89e5866a0,113
ffcf0a2e-0d19-4914-ad40-560984dd3c4a,236
dc4dc055-7319-4462-9cf2-d306d985c536,111
bbbd9d68-649c-457c-944b-375d8aa0a2c6,77
a64fa1b5-001e-44df-a0c7-6110e4a45a73,14
06329035-e039-4090-b731-b5af33b68c41,215
fa9aa0e3-4639-4c3a-b6a2-572c2260f17c,84
f550c897-5c8e-4b88-8d68-fe25dbcf513e,184
fb3bd8ba-3e8b-4c16-8887-2369e516f6e6,236
e2fbd738-c9f2-49c5-bace-ba8987b53508,116
611a09b5-4a84-45f3-8caf-5bc769a9ef37,85
bdaf1921-ec6d-48c5-9ad9-c30f65bb423f,75
a3b58a67-148d-43bf-a1d9-e1bc9b1b3b05,14
ff0f64ac-02d4-4629-aa91-da80dec703fa,77
f0dfb233-7e88-4e0e-8ee2-a7b0be5bd9e0,167
d4bd327c-f784-483b-b590-43350a5c3dca,167
44a8fddb-7c1b-464b-89e0-406b2fb114a3,236
2ed0cbb7-a48b-40a8-997f-e09a5293a67c,184
e6848935-7a15-41a9-9601-3ef89fc2fb68,113
5b73c2f7-caa3-44be-8ab9-e63246b85d8f,216
9215324d-af75-4801-91b6-a37847638181,77
b284506d-05df-41c8-913a-658d537a37b0,144
1fc05396-0884-443c-a2e1-116886e4fa5d,236
4d0f0593-7bc3-44d1-a56d-b204e399bbfd,113
ad5e3546-fdd8-4b2c-bbed-486d2837837b,113
9cd8637f-4251-4452-b742-144980673174,236
de94a92d-60ab-49e7-b0e3-c356d2317e3e,184
12c76189-41fd-420a-b919-645afe4097e7,184
573b3382-3c07-4260-983e-3d2acbbab3e4,184
fc68a0c5-abd4-4249-9d22-7c8eeb8fb35e,46
8079b249-2be0-4bcc-a2c0-6fed1cd8c227,113
cab1cdd3-7224-48e2-95ab-80ebe7cc4e1d,154
e9b22287-7552-4308-8b96-956b6a16a6f0,77
ed91f79f-e4cf-4196-bbf0-f8f8e770af87,184
5ec5a368-65d0-4fc2-ab45-671ca88abe1e,144
a3cae024-5089-4ddf-b651-dc3f6f9cc671,144
3b33931b-9a8c-46db-8459-c9140bf98d9a,236
7f76fecf-09b3-4d1b-a849-3daef34dc605,184
e27560a4-55be-4e27-bb92-a2ca3f96cdd6,215
c67b6433-6b2f-4cec-bbd5-ea6eca716e26,236
1bdefc5b-3637-4a13-83e6-504b4e57513a,236
a750fc3e-0aa7-4d28-9c28-d756ebf37dcf,57
67f31dbe-3ae5-49d0-9830-593e4c1dca69,113
107b052f-2437-452a-bb98-8254ae6c4e25,113
be941d6c-d4f6-4ed9-a0c4-a292ed38d5a8,113
ae48708f-2291-4136-8588-345d93f5260f,154
607eb4ca-38d5-44c4-975c-f02a133c1b86,154
7eaa8e23-1bc6-403b-af9c-b34673d08d5e,236
e13c8d98-8d60-473b-80e5-494df9e74337,22
d135c50d-cec3-4d83-9ffe-bcf7a4e96375,184
633afc28-81b6-4032-b18a-9baf2785d78a,236
37481c8e-d400-439a-9bed-72ce3ffc1277,154
0ab07439-aa7b-44d1-9b91-def1096b2c84,236
584baff3-29ad-4054-959a-36e432fadf6e,236
0854e840-2b3f-4437-bd93-13b164ae1e98,113
b1190167-12f0-487e-a8e3-7056915491d1,175
b1d7c58e-27ad-45de-a0ba-a9171875f4e0,236
f9a1ce3c-6009-4448-8a41-d99ddc088695,236
ca4edc06-c6f7-418a-b4a8-47e47b4b6271,184
c1da42a0-b77d-420b-8315-4e0e3100ee97,111
c786dcd0-06b6-4013-9937-09a34af46d0d,236
ac12c4b8-b519-4730-a8b5-4c6af0de63fe,38
d43cd67f-14a8-4f9f-976c-17a9ee9b1744,217
c7eb245a-a53b-4a9f-9347-be1880cca1eb,184
fe974aaf-2966-40f0-85aa-fcad35cf18c4,76
40466094-efa2-4ed0-8b07-2d084b28ab29,179
f75049d1-9b9f-4ac5-9c5e-75f2668e727c,228
6b8cbbba-e3b1-4594-9359-902a344d693c,236
e097126c-0d72-4ea8-890e-3a2538d9a1cb,236
e43d438b-00a6-4f0a-b159-2eecd6d1e875,102
ea94803b-3054-40a4-8912-be5ab2249b30,32
48fa3953-f5a7-49cb-9af7-34a7d87c4a1c,14
f657b0ca-18e4-4924-8678-be8ffd6424b4,76
30beaf67-8cf0-4f28-8300-3f38ea1ebe6e,216
4d77cbd2-8be5-46f3-81f2-34aafd36b3f9,14
57387f35-566c-4029-a5e5-e45e0ff7ba47,175
7a2c7a56-cf8c-4194-a5b7-58e8afb30d57,184
bc9d3566-929a-4934-a87f-fdb888d31e2e,14
8f4a0d7c-4ffe-44bf-b9aa-4be1572e40dd,56
75f015bc-69c0-4330-a013-4acd86bf06a6,236
d6f2229d-e249-47a4-ac00-436157adbc51,41
f4a040eb-3589-43b6-99b0-f443f236005e,235
a55f0c8c-5707-4b2b-8cca-827e06ade2aa,235
88fb0146-bafa-4e67-b5e2-8371a926f460,41
204bd092-7aa4-4952-b82b-726ed819efac,184
ec47eabc-0a18-4ee4-a1cc-20755dae6ec6,111
57fdb761-9b03-4502-8976-51ca3272a0ef,41
8e8dca8b-2d84-4dae-9bd1-4e0ffa13a3a5,60
9ebfa4df-c492-49d2-ac8c-1143e54b7db5,236
2a58137b-ac5c-4272-9c61-4315b821c2c4,215
2a05be74-889f-4677-9d6d-2c3cfc0969c3,46
ae72841c-c491-4b35-a195-c7f8d7f28db1,111
4ac552a2-1f91-4651-bf87-6d64c38bdec3,236
07a3b3fa-74cd-44d6-bb8a-c95883a22ef1,178
e5ff7bd2-847f-42d4-90b4-5d8de09ec034,102
80bb55da-9c63-4f5d-8110-141e1723b45f,236
5de42e90-2e47-42af-8a15-00a9602f020f,46
220981de-7ebc-42ad-b591-5730fe1b06a2,84
66ddf7e0-b2b5-4c94-9628-3d08d20b3352,236
ab2e1d19-1af1-4d42-8003-1d083eb1cd02,11
b9a050fd-47a5-424f-b815-27323f0ceacd,60
b2ce1349-557f-4706-b787-2c2ea5e6d9c2,111
fea2d9f3-8df2-4c31-bc00-7faf4bbba135,14
2f16f756-9f1f-4aec-a2e6-2b231cdce6da,216
f54f3578-ebdf-411a-9b91-23f46d3de60b,216
107a4f48-5377-4bff-af1a-11587ad2f9fa,60
f27d9176-93e2-4164-8a41-0716bd7723a6,77
b24680ab-a635-4c71-973c-9032a38f8226,154
6184d86e-297b-44a0-85c9-41ab268fcfec,184
1bc81ea5-fb5b-4629-af08-cf65f2d07c38,178
f2d75ac9-d23a-45d9-b4a7-17e31de8950b,111
2552c677-797f-4975-86bf-2dc2a4c38863,235
b927eec5-8b93-4118-97a6-a1d4c2f32423,32
df452a2b-df9b-4ac3-ac4c-25997841f90a,96
07249e84-efd0-411b-95a1-70c05dce9325,27
2a22c7b9-5568-451d-b6fa-6b51a28042cb,236
df72c6f5-4c10-41df-b3a3-2fefea05bbe2,77
6fb39929-fcd9-4801-8f1e-95ea6f760380,15
18d65da2-420b-494b-880c-42cd6b313a8f,60
5ab99cac-2280-495e-8575-e5922799b83d,77
5a12a393-fd2d-4ca0-8313-4c25fdde41a4,60
556b02d2-4839-45fc-b4c6-1ae038afc7e6,84
f97a5809-2391-45e9-b73c-8e7e97018be3,184
aec6c418-abb4-4da5-805c-933375a72f82,184
ca209a70-5be6-489d-bb90-f12a02b9a1aa,107
87f82754-d023-42b0-af91-27bdf4dba2de,61
5024aead-4acf-42a7-a3f4-4296596e4e23,115
62adb0a3-ba64-4365-95ac-bbf44cad2b7c,46
b443fd69-c08a-4716-8d46-b05a7a97a6fa,46
43da9cc5-e871-47e8-b799-2751cde471e0,46
5a187bc2-8ee8-4247-adc9-458de57e65ec,27
33c6d5da-8c23-43b9-9786-59a62a16be2d,77
89e7e8ab-f93d-4e09-8844-f91ec75df849,175
82f075e9-4309-418c-b7ef-7940cbfb4b9d,46
9417afa5-897d-4fbf-8c24-896d90955ebc,77
dad07a27-54ca-4e22-9aac-b044c54ebf39,111
846252d9-e660-4fdb-b1b2-d453ed369795,84
40bfcea3-4d9f-4837-ba79-722cd897dc52,77
6cb6afb2-78f1-44b7-a49c-4290bce433f3,77
d85fb725-2caa-457c-b006-d1585a0a7c90,84
11ea92fa-5ca0-4401-b409-75614f473f27,215
69ea9119-0fc5-4ee1-8417-c36895d5cfaf,41
89c27b39-27d1-4dac-8ef2-43a6258d313a,84
22a5e996-e577-4c4f-81d2-5cbe6ab585ad,184
c466177c-e2f0-42a4-97e3-4a16944d35bc,184
feb27031-9446-4304-a498-a09dc98b4d76,184
efd62fe6-6e53-4afa-8b3c-a1209d689e53,77
50a207e7-bc5c-44e6-a585-e688c1a7a5e6,219
324d9010-ef2c-4c7e-8ecf-21aa8040507b,14
40d275af-b54c-4a2a-8b7e-5f11050486df,236
df61bf93-d2e0-4297-9122-f7529e806125,236
c54300d8-b589-41c3-b1d5-79f8e1e99a35,235
2ff8d8aa-17ec-4249-99ce-9d2371bcc6bf,236
10263017-e3bb-47af-a8f5-33c799314e53,236
d1a46c98-4202-4fb7-9398-b6d45d529fc8,10
9b2a15d3-342d-42f1-a7d2-f8f7f84b5b34,84
36223eec-f207-4b7d-95b4-be776e65f311,113
eed151d7-f6b8-4939-95d2-603b13542fb4,111
1db3c7ba-fe56-4679-a575-7fc1e4a842ee,184
188d8cf9-b485-47e3-bec6-ad02c515725f,183
eb20c0d9-99b3-4371-8df5-038fb8823b74,184
c1bb22d7-39a1-45cf-af8a-3b13991165ce,84
275b1f46-c37b-42c3-b619-7c820c4e6482,22
13e28591-3818-42bf-b448-65fa25cd7353,84
825aaf12-0434-4377-95ac-7ac237e93bc7,236
db1b9e4e-5504-43e6-95d4-cc8882c4d9fa,84
e0884f1d-8a6c-4549-a60b-d7dd01fcd577,111
9580ab84-67e5-42d3-9dea-19b56b6c93a4,45
f08fd224-d469-442f-a1c2-7f633584a111,167
578801d2-edc4-4086-86ca-2f630dd7ac96,236
f2b3979b-10af-4961-a01f-1693b3cf8d62,236
f7f9f0b3-6cca-461b-b226-1ccabf85356c,210
919d5444-01ba-49f5-acf7-2fb31f9b05cc,236
11b7427a-2a36-4419-8a86-ce0fb1279e47,77
aaeef67b-0d71-45a8-942f-3ed17a13625e,84
6243bfdf-7f59-4dee-980b-1c9ddd489de7,111
059bd763-e05a-4227-aec4-b472e72439b5,111
18231eac-1a36-4613-95fc-a961c3776e28,77
185259de-a9ef-40dc-bb5e-395109d3212c,108
e6251f07-9863-4faf-a234-1994d82490f6,84
718b530a-ed34-4182-9554-32cba5f748b5,77
5778c13f-5490-46c9-b491-1eeef56c29e4,94
1e8f004c-6087-48df-b50b-e81d27f2d3b1,41
d38a3a74-96d5-427e-af7e-13ae1f095481,236
d4616213-a97c-4223-b3a4-77941dec396c,14
92ecc35b-5b7e-4bdd-b4d5-27e641cd4cf9,102
9789b3fe-dc2f-4991-ab0d-820d4abd9e21,183
c72aabed-1eed-46ac-99df-9dc2e401c968,113
b4fe9fcc-918d-47ee-b998-e83f6fbeb816,184
e4ae4d77-553d-4bde-810b-f99205b895e1,207
b3749b6c-977e-40ae-a605-6f42a89d57c5,207
81478926-48be-4c7a-8419-54c2a35dd071,179
eca2ceee-3347-4f19-92fc-fc620dfe2699,111
760a051c-d96d-43f4-957a-3fe3d072d78d,14
6d20494c-0441-4e08-9c05-ce460821d14d,84
451cb4fe-5382-4680-856a-9700af622bc6,46
bece4be5-2b21-4bbc-b194-8bd008211f69,215
03c1606e-fd16-4ce4-a366-53dda1a6cfc7,210
2ef59fef-a1e2-4480-bc8c-9bb1c3734eaa,41
0b7ad176-fef3-4967-99c1-8f30aed46ea0,236
f81caf6d-c283-45af-ba9e-32fbdbef4148,15
25fcf3e5-f697-4533-9be5-9395f8982833,113
cc131d4a-895d-4d7a-a7da-890209ac854e,133
2aef0b15-6209-42de-a0ff-1c13d27f2181,84
240d75a1-5acb-4579-8eaa-c6e5c03e200a,175
0714d696-71f2-4a61-91d4-7059594987b1,11
4f273d05-6eb9-438b-9328-6e7e9309f37a,11
13c008b1-9d7f-432b-8d4f-0fe9e3fe9738,111
729190dc-68fc-4900-b4db-821d9f6628c7,236
4c533ca3-b9bd-4d60-9416-5797bb782a85,45
c93891c0-6e7c-4f46-b94d-fec457cdae0b,45
eb32e572-0207-4233-add5-2a6dc3273e97,135
cb718d6a-c1b2-40d7-9bab-409d30f240a7,135
e5c84a0b-2ca4-4315-89e6-96368984e004,111
b1018111-702d-4dff-955e-2fb9c45cadd4,111
c3ba8422-e9f9-4489-9020-7a29cd481213,116
0fcc54fc-1285-4271-820e-8bbba1ac810a,111
58500caa-c32a-49d3-a7dc-5356b2107dcf,116
dbec68c5-c794-428d-ae30-8b7d696d79b0,236
ff6b8e48-0569-41df-8fcc-8d541be9bc30,84
3e73e110-877f-47da-be90-d95c57317d94,84
36db7a51-5669-4eb9-8f7a-520b9121d6f9,235
5bcc259c-3e41-48ab-a577-cffde62b8cd9,108
63d56a9f-a904-4a8e-a320-235a0edead73,84
05d3230d-dae1-4b8e-8fa3-3b5c8e03314a,84
1ee2178b-f2b1-4c83-84d1-e5563af5c2c7,84
51b4322f-10ea-4819-9fea-2cb1f5b08b43,84
28e01ad0-2289-4f4f-8e95-1d7bb377e2ed,15
f4df9f1f-0bb1-4fdd-a2ec-c52dc0bdeac7,236
498db54b-8fc8-42ef-80ea-a19161422ac0,84
45d9f0a4-461e-4753-9529-14ce4002faca,111
0dc5f1c2-ffed-4270-b8ae-545d3b5018d6,235
978f4314-3042-4504-914b-bb51eafc5d68,184
bbe8793b-8a89-416b-89d4-119266255e23,184
5170211d-3c48-4b13-a7c9-2e3b7a024495,167
619ca346-d828-461c-918f-2c9e9897b1e2,76
a2491c90-2700-4cdd-86af-c5d2e76bdb65,197
0eaa5729-c773-4e6d-b090-9626f0b952bd,32
57b724bc-1ed5-4d4a-88bb-b5dd7a9d7350,32
a8a7e290-4ae4-47f8-936d-b265ec2c6e00,52
51e6bde4-3ad7-4380-ad57-2c9bba35eda0,236
3855d61f-0048-4dfc-8ac4-38ac450ce6a2,236
fcda5646-ed11-4c4b-bb99-0f37cdcc4e2a,113
d02e5f07-97f9-4f90-87a5-beb432187047,52
f7d5bae9-13c5-49b3-a2b8-a4ec2c5d96e9,184
83b5ca0a-ad78-4447-8daa-6acd348b029c,184
5485c410-f802-4962-9a53-2027193aa8ca,113
6028a329-0deb-4245-8707-5eac7d8e063d,46
3045c348-e775-4045-98e9-ab5614c6c790,184
fc9aac7e-5507-4a54-a99c-0e13e3dd858f,221
c9f2967f-baa0-49bf-8986-a2c85d0af444,184
5bf8ead5-463a-4398-94b4-63decca85c14,184
eb08ae91-355a-4bc9-9ca3-8843eac35073,184
98f65101-7157-43fd-865a-7fe24fc7b88d,184
18cc14b5-8427-42c4-a68f-560930ad232f,184
28fbc23e-eddc-4727-81b3-b25ac5525165,84
c854ac07-8969-49fe-b6c6-16b83a2c5854,27
4f5db628-ca62-4ae1-ace3-0b8e92e53ddd,178
e66b9939-58e1-414d-8863-bf3dda5a7927,215
44a878f6-9484-48a3-a9d5-bc90812ec971,111
f8687a00-8403-47a2-8d14-125ad70aa1de,233
d0751e33-73e4-4c9e-8876-fa63c9507bb4,175
fdf03494-dab9-488c-b639-e3ecc6a63133,211
760cc4fb-b7c3-4585-97c4-ac912495eca3,107
66a67678-3800-47ef-8eb7-e974a10a9840,104
86a44a33-4c3b-4a54-87a5-6709b3772853,115
d066211e-e934-41be-b6b3-514d6deb16e3,61
4221e188-b012-4cff-a6e0-c23400397b36,154
efd6ef58-776f-4bfe-aef1-36714bec30c1,167
9ac0535c-c2e2-4429-8bd3-5366216d58ac,60
01734875-fabd-40f0-acd6-74f6e64ba4a7,77
2dc099fa-ee36-4de1-9f8f-3184770578f2,60
aee4d69f-3b08-4b63-ae63-fad4cf385397,178
09beb286-ef3d-4277-9748-cc0ba4e0516b,219
05ce9553-304f-4973-9ffc-6133bf78d60d,184
b9959e28-5bff-49a3-ab41-a5da3a53dc29,235
28d1f216-5899-44d6-b33a-3d059aab500d,111
791cc957-0706-47f7-8ce3-792c886cb2f9,113
795ccfc3-2dc3-45ff-bc58-dc499e60fe1f,144
17bb47e3-9610-4941-bc65-9047262a4ac0,184
1dc07458-a870-4949-ad70-2bf5f70862a6,210
08c98d2e-ee69-43b3-93e9-236f1b692197,236
7455766c-c4c6-4b19-8f6d-9f965c427f82,84
33dd5941-bd9a-42f2-821a-1208cdf6b1ff,41
6429e176-cdba-408a-8510-99de7598b6eb,14
fa0688ba-8945-4872-b2d3-c117804c0361,236
49103d0e-e43e-4354-9727-35ed5006f093,211
37a46add-1ed9-4e45-a954-d52cf84b3ca0,236
107f29ec-8c82-4b3a-ae82-89f1ef67de7e,60
b5e75ad4-be00-4ad4-8623-1f00ed162832,84
6c97e870-07cf-4b7a-b73b-b20eb26b1b77,22
0730bc9f-b867-48f8-834a-a5f71d331f99,236
a4274cc2-f084-4923-877b-beec6f44d13d,167
b09b07b9-2223-4a64-bda2-49417e342cba,167
72afec56-2391-4733-a5ad-fb29271b7248,236
53ae03bb-5912-4d2e-9af2-a5ef566804b9,236
9e4457ed-e2ba-437d-85c4-479e3039202a,236
b321d1ef-b2f3-4717-942b-51dc61c4c3b9,236
44bb489d-290e-4385-bacf-250e97666b04,235
1fa1910e-0f54-4531-a9ef-c2047673a8e2,198
290977f4-d2d5-4c54-aeb0-bbdce3857e3c,119
bdf08593-49ed-4cb5-b65e-09d120a058c4,41
098026de-73fa-4aa9-8e49-dbcd5fc79ac5,76
9ffdb99b-d078-4843-a150-02fa2849e799,46
ff24f531-47c6-4fb9-8815-40f582029149,213
fa5d949e-c73e-47ad-bca6-91d209329b0a,11
630e8412-df61-431f-a565-d4869eff713c,219
15ac41f5-0afa-4d35-b8d1-1b60c3e8311e,216
235af1f9-d68b-4065-bb48-07eb8c62ea64,235
61a53c27-23ba-419e-9817-bd1866d90fd8,111
263af1bc-5418-4743-9a11-5b1825bd66dc,236
0e3c01cd-4849-400d-ac2c-19109dcfb394,84
17aa7992-04ce-430a-91be-5929bd66f01e,215
fa4afdf0-51b1-4044-bfc0-ee01e7ba4c56,60
e3e8ab00-6657-45c1-aee3-b7f32b886f74,52
98628bd1-bb6d-40f1-9cf6-7d062d8d9672,52
06ea13f7-5d09-406c-a312-dc6404612995,236
76d22b94-5528-43ff-b129-259cdb6f0cd3,183
0ad7c36d-5a71-4eab-b933-f732494b8f28,217
53ed77c4-6231-4f72-8616-d7e6cfcbf563,178
e5755962-05aa-420f-ad89-104b7a8ebf57,203
cf579786-ec19-4fde-87bd-130a9c5704a1,236
f469d995-663e-4c58-88a7-081e1b485960,219
9ee1262a-84e5-4296-accd-8f3b042f54b6,184
e67467c1-974d-4cf9-b14c-322572bb50c5,184
83d5b8d5-29e3-481a-bc8b-23981833aa4e,184
913f34d4-1d21-4a23-8737-f41bee9c1fda,46
012572c1-285d-4b1d-b78d-219dc0436e55,113
b5d3cf7a-890d-41b3-a607-721fafeca5a1,198
6eb89cb5-7449-43c2-a21d-498eb9d153e7,106
0ee7c192-bc64-4713-821d-5bbcdf22d2f4,184
851bc184-4dde-45f0-84a1-23c040228930,113
306bb59a-751b-4eec-87e0-43970f314204,45
e91353a2-8da9-4901-8b4c-992bb05522bc,45
bd366e56-c6d3-45b6-9a03-93c2d1f6b147,41
86595289-a487-4742-9fcf-e23aee7366f3,113
a22330ef-3946-4a81-bb40-619b3dc30b51,46
1eac6bbb-dc98-4030-a9cf-ab6ea840cdd6,122
57e2f51e-0f7f-4363-bec6-5ea35c8adc2a,113
d3efae6a-df55-4e61-91f8-0355af166b57,220
7213879c-01ec-42d9-8657-6a6204c212a1,233
509761d0-1d46-4957-8e05-da2e8c96be0e,159
de9000ce-28a2-455b-836a-eb2ece7d2e74,45
245f5d56-8b15-4cf6-9702-50420e0ac861,233
8785d39f-42f2-4473-a607-3f6e6017da23,216
a23673a4-b1ad-403d-a868-19a2939c955e,116
a0a7570a-4bd3-42fb-abcd-53172fb6fc72,178
631b6861-3be2-4474-86e0-eb9dfdc56d1d,61
c79c54e5-17f0-407f-ab36-483d547fd5f9,184
bcb45e3c-41da-4289-8100-a6874dced8b0,216
073ebc1b-4414-4e3c-90ad-d85d4ce8bb01,111
a702d37b-999a-40a8-ae88-8fb81fe162a2,235
efded34b-9905-48ae-83e6-5f9983bbcf01,153
6c7e37ec-4da6-4a32-9e49-115c6aceef09,184
784c5f82-a23f-4326-821a-0d827f5f7713,27
c4c11d31-95ca-46c7-8019-e315c3597290,113
488142a1-db4e-46e8-a3ad-d2ba57dcd15c,111
73a48374-966a-41af-b365-c87845ecd6a8,41
c1f94b6d-8d1d-434a-b142-0d49e6e6de5f,46
55f86e8e-1f42-4b8b-93a3-54589d4f3020,236
eb26e907-b08c-4b2e-86a8-e27bac6f926f,236
a34f04eb-47e9-40d5-bccb-ad1322803424,184
b3d5061c-4073-40c6-944e-4a77945a91a7,210
5fba1276-1090-4be8-a1d2-71bd7d6e6799,236
405b5322-a706-408c-a1fe-413770fa80fa,87
372a19eb-9f28-44ef-9f56-7876dfb1e650,87
ed333803-0f31-45ba-96fb-3028e4f8d8c6,87
478f31f6-2e9e-4a19-948f-f4d566a811bd,61
478f31f6-2e9e-4a19-948f-f4d566a811bd,167
478f31f6-2e9e-4a19-948f-f4d566a811bd,215
67efc0a6-1c6b-4d0a-9cdf-2e38bab987e3,84
37be8e8f-32ff-4717-a155-d0962a85bb69,46
af675cc2-c897-4631-bcf0-4eac3240fc94,219
4d677d6b-0140-480f-a6a7-7cf17bec7780,236
665a8b11-a2df-4207-b463-738034e24115,41
dbc9c161-6f80-45e5-8afb-55c9e36d31b0,216
69cfa5ec-d6ca-49ad-9aa0-1f46ad2bf025,236
4c0cf950-6156-447b-8913-e9374694eedf,104
7d1db899-e3f6-4dd4-806e-3b93fba99544,151
a9b4f8d6-4870-42d2-9cd2-42308f65622c,113
b404af45-0557-4023-a5c8-52eea33c3baf,235
95e536e1-9376-49c5-966e-d127358e9000,113
da029806-6d53-4aca-91f4-d9baf2dac03f,184
d7578844-08dc-4c97-bfdc-29987b8f70b6,113
ec712a26-479c-4321-9175-e9f303185551,184
bf62d7f5-2520-41cc-a252-e7956679f270,184
e3751ff0-156d-4029-a533-5f577c57f541,46
627bf8f8-efb2-4518-b5fc-67fa06d59563,236
236fc8b2-8a16-4c31-b846-782edb9ff80f,235
27227cf2-1852-4f92-b2c3-47e38cfba98b,45
9603e9bc-321f-4f4f-9bb9-50e2f9d68ea3,184
f1b7d017-a547-4409-b021-411e853e9658,184
9523c9f2-6697-4bc0-9bf0-2d87734933a8,113
3afb55ed-6d2c-40f3-bc82-7064c3217be1,228
3dd807d2-714b-4587-aaaf-2e23be220b32,115
b80675c0-fad1-469a-8be4-9bea61032a05,207
e769ca1f-c17a-47b6-85ff-e63891cd7109,111
1905ccb5-70d6-4faf-8f2d-25b999280ea4,111
fc0a2ce2-0ae3-48ef-9bc0-38d5660fb119,236
49677697-1de2-4b44-bea8-c128bcc8ca99,77
0ed6405f-1c81-4829-a871-01f013f33e3f,216
1b0945aa-8818-44fe-b1a4-6cfd49d95fa2,77
69a98651-7f6c-4ba9-a594-055017cf24ba,32
ff883223-48d6-4250-a7cc-0d3a8f3422a2,84
827185d4-137e-4ade-9a41-8a42edd49eeb,117
e35d3327-883c-4867-97ca-2a043cc98c02,60
c20b6a68-675e-4775-9ff8-48ea0b924408,133
9dcea3b4-e526-4700-b9fb-c0e33cde1d4d,113
dd861419-1deb-4f13-897a-807bb8000666,154
c5645274-04b8-4d14-a56e-f2d18968e817,113
5353a44c-40af-43d8-ad6c-cebaa0d2b825,61
674821d2-a7ea-491f-8cb8-1406e16b7eb6,41
8c95b528-2956-4b92-8b7d-5bba298e17a8,184
334743c4-da72-446d-99b0-cb5a75673804,115
de76935f-6731-411e-b7f2-9e70874b579b,184
8ed6fa1a-6373-4602-9d07-deb56bf61b14,184
7692f3af-e878-4f3a-8338-fa2b34f34208,184
997017d2-0b91-40ac-af93-5152feedceac,227
e2540b6b-7a9e-45f6-8488-fe31dbb230e8,61
36b66510-8a19-42ea-9694-3d0e9095bbd7,122
54777b6c-c9fa-46f4-8730-a7bf3f3e9743,184
f1f3922c-8ad2-433d-905a-4a124d3242ec,219
16041cac-8302-4f24-952e-5245bffee03d,216
387ff706-f902-4f0e-8856-1439306b796d,111
3e5fb742-1b8f-4ce4-a9b5-af9d25b09bfe,219
d542d0ee-e7fa-4d49-a8af-c1f643801895,29
e86456d8-bc18-4da2-b0c7-2d32e493b5ab,167
5067a6fe-4946-4f54-a9bd-1ab6ee95d8ec,167
d22f1d98-91f7-4a46-b08f-457445d4e83c,184
c41217ee-7e6f-4271-99ae-9ea0396e40f0,15
263f6b17-ac30-468d-8f5d-b8b1a3424bb9,122
9709e089-4246-4b2e-a539-b5ca9cc4a865,184
10082150-55c1-4a08-8dc6-8eb3650f289b,175
486ec55e-a031-4f2c-89d4-830f97ce5401,113
d490476d-ebfb-4cb5-8733-90adc4d07d15,236
0f77c38a-ca4f-4b32-9e7b-2aed51d303ec,215
61d20796-af61-439f-b6d3-ca553f49ff8b,11
7fe3659a-9b91-47c1-81b5-43c2dc93ebcd,220
d250b7f6-83c5-4fef-9885-8b0aaaa4d472,184
237ea5d0-08af-48d0-a7a9-067f72f1086f,184
85b18bcf-f6a9-41b0-aeac-4631dd7e27ae,111
0108b1dd-d4c7-4b78-a23a-90ac04c2d049,236
c4ecb2a7-2a4f-4e06-8e0e-04d3b68c72e8,41
b9a44e5e-c374-4c59-82fd-3fe76a3309dc,116
2587ee2b-4c55-4e84-9a40-c9cb42f9d798,184
75e2d5ed-1030-4a69-b31f-d3f4073607a0,184
7be2e7b5-f2c7-4d12-9207-bb51ced8ccd1,184
747f388a-b249-4df2-a8e4-aad03bde9e58,184
890371e4-d09f-4e77-a8ea-160ab7a520e9,87
4108b891-c15b-432a-bce5-cb95579f2cbe,203
689e8866-9e4e-46aa-82b2-f9bad0607c65,239
93d11bf0-7861-47a3-b704-b8d10de3d3eb,184
b5cc2d37-1052-44cc-b254-6aba2d3af5f7,236
76ab829e-94cd-445f-88cd-2a2153bbedff,211
f5b31ff0-45f5-4e06-8dba-13e995c9f171,184
c2d34007-919c-4082-8509-8c0b1d7b97b2,207
75ffa142-0ca2-48dc-b586-3712848b23c6,144
16f8421d-8a78-43ce-ad3f-a331123d5bf4,41
e3f9f38d-8118-4044-b121-a5df9f9a30c0,84
2c132cdb-f602-4a8f-bd87-ef24f3ec644c,215
199f1c2a-87f6-4fdc-a81e-5eb14ae460f3,203
09377e97-d697-4419-8982-46408f0b1406,215
1bf60070-b333-4828-80e9-1d9c11800e96,236
aff41588-814f-4c99-8877-a2380b69e69d,45
ce42163c-2ed4-4d0c-b380-8e9287a221f4,144
e9162cbc-e3f9-4689-9f06-852da6dd8d7f,216
d86b77b6-6e4f-40b4-96e7-3c40c920e1ea,111
d2e0b0e6-eec9-405b-a41e-5340e35a9fe8,111
90876e98-1c6c-459d-b198-be13bee949ce,111
8a80a1f1-a971-443a-bb51-27a8288da72e,15
cfe8acfe-5cfb-49de-8725-eb8b5cb55a1e,111
d46c754a-87b1-442e-822f-f0cd5bbe8838,203
512bcb70-486e-4788-a817-fc9e9fd5e1f4,76
7aafc9ab-5d9f-4ac8-aae1-b4108bec1434,77
1aafcc85-8dbc-4697-8681-e803ecee082a,210
00222811-a940-4bdd-929f-4e2e1c1ad3ff,184
a45de014-e697-47bc-b655-5f38a701b66e,22
0e231403-72b3-44ea-8c03-40469177fc46,184
d2dd8098-2c4f-4846-abe0-d855e62c1e9b,184
60bb11aa-15bd-4908-bdac-85b06b47fc31,76
fbc54c66-d52c-40c7-9a59-e1ded8177bb7,184
29510187-5d95-4277-96cb-8c6991454213,111
751fba25-1d99-480a-95a2-df053e721aab,184
e9c4041e-5bc1-4a59-8bce-6c860fcd01ed,184
34759b9c-e443-447d-9bb3-480fae096fb5,184
89f17897-1cd1-450d-a5df-257b370770ec,236
0eb5fa07-10b5-4485-8b8a-3ec5753b9aca,111
ba528745-f8af-4928-ba4f-71a54db7c82b,184
ba331542-81df-4599-a479-0e4490328afd,184
3351aef6-0588-44fd-826d-d55af89a2389,184
7893c29a-ab6a-47d9-8e2a-c76c0b75bed9,159
da67a279-d40d-4b8a-9844-30878ca01920,159
b85d1252-da09-4be3-8a62-1114d066e588,235
28633bcd-b744-4147-ac4f-fdf5b74014e9,216
d05d78af-3faa-4134-8efd-d075ca2a35de,236
19b22108-b96f-4899-a9a2-f72d164fc618,84
95acfdec-04fb-48f8-87d5-d8d1bc53a1fc,84
c37de062-4f37-4c12-b170-09ea61bf4ba5,236
3db7d869-0e80-4004-9f20-91cda2ac49c7,236
e87aee33-e192-4a61-b708-52e008c81a1a,236
69fef34f-d30e-4dca-84a7-007f083f529e,84
38cc5e07-4678-46bc-83d2-1965024f60fb,15
b82d164a-4ae5-42ab-b1af-6a51c33f8b0b,46
572bf9a8-8c7a-44fa-94c3-4bf85a38d128,215
397ce8eb-e3d4-425d-aee2-dcb66a44c462,207
22b75942-b0df-413d-a03f-91638ca07259,236
85ae94e7-2f9c-45f3-98fe-87f7d506f638,236
1ec30403-3426-4c8f-90f8-cbb5d6a9b55a,236
5e55785b-c7a9-4d01-8cbf-88bcbaf38b76,14
3923cdac-a1bb-4404-9bc6-92cdb087e0b5,84
653773ba-20d3-4580-bcc7-5038d8c799a8,236
67c298c1-28ac-4732-baed-1ec7d31cdb14,14
8ae20936-afeb-4668-b122-605464c504b3,184
7fc81c22-e098-4d4c-8ebd-b5bdafd00235,154
7cd01a5f-6c0d-4e72-b23a-22dd56dfa73a,236
fc62491f-9a12-447d-8c2d-a9020f0499fd,84
e3918352-6077-4796-aa33-3857fd14d11b,14
b8ab2b46-65b3-4670-8864-2664dd8ce31e,84
3ee29106-8ddd-4b24-9f68-7ce47b43d1ab,236
6ac43439-0d98-4cba-af2c-40d94006bdaa,14
6d1a95f0-e954-43e0-8d55-a4f475c52fb4,46
eb6b7d82-09f1-47f1-bcbd-c8977985af02,46
32346917-b87c-4a5c-b001-02bd551134a4,46
5ee6c18d-9ec6-493d-be91-98752f29ec6a,46
b7693cfb-cdb6-4207-8e29-ce9d5d65e196,46
ef6c45d9-3a70-4914-9f1c-71f8aa5b0a9e,46
b29e9f1b-e5aa-4a8b-99a9-1f4cfca8e3a3,46
681d3573-aae2-4d57-94fe-45569916bc39,46
57f93e37-13d9-49b8-b07b-2c88ebc57d45,144
cf8357fd-bdb8-4206-93c2-d103a63446c7,184
04373f17-68fa-41ce-b771-b74a20cf9ed1,113
883b4a2b-f9c4-410a-b684-7ec2a739febc,113
d3b70ff4-060f-49e8-b43f-fdf0b6433d5a,14
1c381041-7fdd-4a61-9b49-a520b26b8133,46
c1b6dd7d-db33-44eb-a72c-2f4587ca052d,184
8104be0b-df12-4e50-87a3-1f174e6b38b9,41
b27fd12d-4fb1-4c03-b463-bd47b4a46a4a,110
dbcc6194-37d3-4d54-b709-ba83c7636bc1,144
8c99b5a1-a608-4605-9fd0-ea33a2613a64,46
4036b733-4697-475d-85e9-4258e5585c9c,46
9b9fa5d4-5800-4a17-bdf6-81baa8148d9d,46
1846c1ae-0b78-44b2-a38c-1db7168513f7,46
a7d90c43-6bb8-45dd-9d66-1f79d5c3783d,14
8ece91a7-504c-42e1-b7a5-b6293cc69a20,46
086dcf96-49d5-4270-bf39-b67d5aa14a81,113
dbbdf0cd-5c35-4ccc-bb67-292e3d6e3545,41
9630d83b-0e5a-4168-9a22-813c115f07e9,184
9ed5f407-a311-49e9-88b0-b188d4c654fd,46
2a663d44-4009-470d-ae7e-62de0c444513,162
8623d8ed-c4f5-432d-bb4a-15c27ede0368,52
5ba8e573-0509-4ac0-9825-1c567874a837,60
22acdfbf-6d8d-4453-a278-88e6c7ce697f,46
a8ca889b-cb7f-4de2-adef-09579ca252e8,15
ae58d476-04bc-4f61-b8eb-b0ef2da8ab18,219
70cc5be6-13d9-4f6e-88fd-fe25eff1dfb7,116
4c1c9075-c3e8-4f19-a33a-4ded8ec3def0,184
89c011b7-69a8-4c57-b30b-27e9e2123e6a,249
1e19efed-3d3c-40fa-b1b5-15addf527613,184
19b55379-9c2a-43b0-86c7-6f6454431669,165
b7c3d7ac-d26a-4d48-88cd-58a989bb1065,84
b7c3d7ac-d26a-4d48-88cd-58a989bb1065,60
236011d0-bede-4c63-996e-8b7a75413fde,184
af81cc12-2ffb-445b-9936-2e673e395dc8,110
b94de304-775b-4b80-ac44-33552caa5e44,236
6bc6392f-86ca-49e3-ba88-a7c0bdcd7d27,84
b48055fd-54f9-4731-a403-62c0cd5705ac,84
4a3e1822-7ec5-4042-9133-5bba7ec354c9,84
2f52a3ce-c9fc-4130-92af-b6c5d31192b9,84
87a4a368-66f6-4ff9-89df-2d70c6b0f0a9,184
79047b1a-2c54-4f4f-97bd-179ccde34d21,45
37fbeef3-88bb-42b5-b0cb-438bf18e19d8,215
